Category,SubCategory,Code,Service,Amount,HMO Rate
Registration,,DHLSUAVV,Adult,5000,
Registration,,DHUYTVYF,Children,5000,
Consultation,Out-Patient,DHPWTSS,Consultant (initial Consultation),10000,
Consultation,Out-Patient,DHLFCDEN,"Consultanats follow-up (due after two weeks or 1st two visits, which ever comes first)",7500,
Consultation,Out-Patient,DHJQAGUW,Senior Consultant (initial Consultation),15000,
Consultation,Out-Patient,DHEPQTWB,"Visiting consultant follow-up  (due after two weeks or 1st two visits, which ever comes first)                              ", 10000 ,
Consultation,Out-Patient,DHVVSNUE,"Rare specialist consultation (ENT, Cardiologist, Nephrologist Paedeatric Surgeon, Urologist, Gastro Enterologist, Endocrinologist, Dermatologist, Haematologist etc)                               ", 20000 ,
Consultation,Out-Patient,DHULFNOV,"Rare specialist consultation follow-up  (due after two weeks or 1st two visits, which ever comes first)                              ", 15000 ,
Consultation,Out-Patient,DHKBYNIL,"Chief Consultant/Super specialist consultant (psychiary, Neurology, Neurosurgeon, Cardiothracic Surgeon, Plastic surgeon)                              ", 35000 ,
Consultation,Out-Patient,DHVMDLUS,"Chief Consultant/Super specialist consultant follow-up (due after two weeks or 1st two visits, which ever comes first)                                                          ", 25000 ,
Consultation,Out-Patient,DHUIFAGX,Senior Medical Officer initial consultation, 7000 ,
Consultation,Out-Patient,DHRYSAZJ,"senior Medical officer follow-up (due after two weeks or 1st two visits, which ever comes first)                                                                  ", 5000 ,
Consultation,Out-Patient,DHYNCUNR,Medical Officer�s initial consultation, 5000 ,
Consultation,Out-Patient,DHVDHREU,"Medical officer follow-up (due after two weeks or 1st two visits, which ever comes first)                                                                                                      ", 3000 ,
Consultation,In-Patient,DHNRDVAI,"Consultant ward round (O&G, Paedeatrics) Review/day", 10000 ,
Consultation,In-Patient,DHQECZQL,Medical Officer�s Review /day, 3000 ,
Consultation,In-Patient,DHXMJNFE,Anesthetist Review/day, 15000 ,
Consultation,In-Patient,DHWVWLSU,"other specialist ward round review (visiting, rare and super specialist)/day", 15000 ,
Reports,,DHCPXUHH,Fit to Fly Report (Takes 5 working days), 500 ,
Reports,,DHYMKMZL,Medical Report (Takes 5 working days), 2000 ,
Reports,,DHWXDJYY,Medical Report Express (within 48 hours), 5000 ,
Exclusive Home Service,,DHDJBRFO,Annual Registration fee, 10000 ,
Exclusive Home Service,,DHTFWCYK,ANC (Home Care Package), 400000 ,
Exclusive Home Service,,DHMOTJXB,Consultant, 30000 ,
Exclusive Home Service,,DHLWHIWJ,Senior Medical Officer, 20000 ,
Exclusive Home Service,,DHDWWJIG,Medical Officer, 15000 ,
Exclusive Home Service,,DHVGWMFA,Medical Officer (Home Care  Package)/Hour, 5000 ,
Exclusive Home Service,,DHXVUUD,Nurse, 5000 ,
Exclusive Home Service,,DHLTSVAA,Nurse (Home Care Package)/Hour, 2000 ,
Exclusive Home Service,,DHPTSJBS,Laboratory Scientist, 5000 ,
Special Attendance (In House),,DHWIIYDK,Consultant, 30000 ,
Special Attendance (In House),,DHPRBMCU,Senior Medical Officer, 20000 ,
Special Attendance (In House),,DHEALCJB,Medical Officer, 15000 ,
Special Attendance (In House),,DHXQHQ,Nurse, 10000 ,
Accomodation/Wards,,DHNKLKGQ,Super Executive Room , 75000 ,
Accomodation/Wards,,DHGCWGTB,Executive Room , 50000 ,
Accomodation/Wards,,DHCFHTQK,Semi Executive room, 35000 ,
Accomodation/Wards,,DHZEUM,Private Room , 20000 ,
Accomodation/Wards,,DHCNHYVK,Double-Bedded Room, 15000 ,
Accomodation/Wards,,DHHPONO,Nurse care/day, 5000 ,
Accomodation/Wards,,DHVCVICU,"One on one Nursing of patient, Morning & Night ", 25000 ,
Accomodation/Wards,,DHYHFKPM,Feeding per day, 5000 ,
NEONATAL CARE FOR NEONATE LESS THAN 34 WEEKS,,DHDDJGSZ, Neonatal Rescuscitation for neonate less than 34 weeks, 100000 ,
NEONATAL CARE FOR NEONATE LESS THAN 34 WEEKS,,DHPFZPDK, Incubator Care/day, 20000 ,
NEONATAL CARE FOR NEONATE LESS THAN 34 WEEKS,,DHEJFEOI, Syringe pump (for feeding or for medication) , 5000.00 ,
NEONATAL CARE FOR NEONATE LESS THAN 34 WEEKS,,DHHVNNZK,Laboratory Investigation (Baseline), 10000 ,
NEONATAL CARE FOR NEONATE LESS THAN 34 WEEKS,,DHRHPEGM,"Special Procedures (Central line, Urethral catheterization, femoral tap)", 10000 ,
NEONATAL CARE FOR NEONATE LESS THAN 34 WEEKS,,DHNARFQY,Consumables/Miscellaneous, 5000 ,
NEONATAL CARE FOR NEONATE LESS THAN 34 WEEKS,Respiratory Support,DHPNWFOT,Oxygen, 10000 ,
NEONATAL CARE FOR NEONATE LESS THAN 34 WEEKS,Respiratory Support,DHBIPEHI,Oxygen + CPAP/day, 150000 ,
NEONATAL CARE FOR NEONATE LESS THAN 34 WEEKS,Respiratory Support,DHRVRCKO,Ventilator/day, 250000 ,
NEONATAL CARE FOR NEONATE LESS THAN 34 WEEKS,Respiratory Support,DHJFMUCI,Surfactant, 250000 ,
NEONATAL CARE FOR NEONATE LESS THAN 34 WEEKS,Respiratory Support,DHIIRFSI,I.V fluid + Solucet, 7500 ,
NEONATAL CARE FOR NEONATE LESS THAN 34 WEEKS,Respiratory Support,DHYKTHZB,I.V fluid + Solucet + infusion pump, 12500 ,
NEONATAL CARE FOR NEONATE LESS THAN 34 WEEKS,Respiratory Support,DHVIWTRD,I.V Antibiotics, 5000 ,
NEONATAL CARE FOR NEONATE LESS THAN 34 WEEKS,Respiratory Support,DHAQJLCJ,Extra I.V fluid, 2500 ,
NEONATAL CARE FOR NEONATE LESS THAN 34 WEEKS,Respiratory Support,DHDZJILJ,consultant ward round, 10000 ,
NEONATAL CARE FOR NEONATE LESS THAN 34 WEEKS,Respiratory Support,DHGZRYQE,Medical Officer ward round, 5000 ,
NEONATAL CARE FOR NEONATE LESS THAN 34 WEEKS,Respiratory Support,DHJVBVZJ,Endotrachial intubabtion, 50000 ,
NEONATAL CARE FOR NEONATE LESS THAN 34 WEEKS,Feeding,DHVOGNSN,TPN (STAT), 20000 ,
NEONATAL CARE FOR NEONATE LESS THAN 34 WEEKS,Feeding,DHMLMP,TPN (afterwards), 15000 ,
NEONATAL CARE FOR NEONATE LESS THAN 34 WEEKS,Feeding,DHSZFGGB,Gastric Lavage, 5000 ,
NEONATAL CARE FOR NEONATE LESS THAN 34 WEEKS,Feeding,DHEWDZJM,NGT/OGT feeding, 5000 ,
PAEDIATRIC/NEONATAL UNIT,,DHCAMJIG,SCBU Cot, 10000 ,
PAEDIATRIC/NEONATAL UNIT,,DHRIQLFG,SCBU nursing care/day, 10000 ,
PAEDIATRIC/NEONATAL UNIT,,DHVKONQO,Incubator Care/day, 20000 ,
PAEDIATRIC/NEONATAL UNIT,,DHKEJXDB,Radiant warmer/day, 15000 ,
PAEDIATRIC/NEONATAL UNIT,,DHLZOYFV,Phototherapy/day Regular Light, 10000 ,
PAEDIATRIC/NEONATAL UNIT,,DHGHCRAR,Phototherapy/day LED Light, 20000 ,
PAEDIATRIC/NEONATAL UNIT,,DHUTYEDA,Phototherapy/day Bilitron , 30000 ,
PAEDIATRIC/NEONATAL UNIT,,DHRFIY,Oxygen Therapy/day, 10000 ,
PAEDIATRIC/NEONATAL UNIT,,DHSJOPV,Infusion Pump, 10000 ,
PAEDIATRIC/NEONATAL UNIT,,DHDQBGVL,Infusion Tray, 3000 ,
PAEDIATRIC/NEONATAL UNIT,,DHXNHQXD,Aspiration pump (suction), 4000 ,
PAEDIATRIC/NEONATAL UNIT,,DHTNNTPB,Clinical/Nursing Care, 10000 ,
PAEDIATRIC/NEONATAL UNIT,,DHUTSGLB,Pulse Oxymetre, 1000 ,
PAEDIATRIC/NEONATAL UNIT,,DHCQSVUM,Suctioning, 3000 ,
OTHER SERVICES (NICU),,DHGLUPEZ,Consumables, 5000 ,
OTHER SERVICES (NICU),,DHZGRXEU,Soluset, 5000 ,
OTHER SERVICES (NICU),,DHSRIPBK,NG tube insertion, 2000 ,
OTHER SERVICES (NICU),,DHNWPITF,I.M Injection, 500 ,
OTHER SERVICES (NICU),,DHBWBVXZ,Well Baby Visit/visit, 2500 ,
OTHER SERVICES (NICU),,DHVPSVCW,Nebulization per session with DRUGS, 15000 ,
OTHER SERVICES (NICU),,DHKCIKSR,Nebulization per session With patient kits, 10000 ,
OTHER SERVICES (NICU),,DHPMXJZS,Circumcision (platibel), 20000 ,
OTHER SERVICES (NICU),,DHFXEGOO,Ear piercing, 5000 ,
OTHER SERVICES (NICU),,DHLEQTNR,Tong Tie, 5000 ,
OTHER SERVICES (NICU),,DHVQELRF,Paediatrician  Review, 20000 ,
OTHER SERVICES (NICU),,DHTETQJM,Neonatal Resuscitation  caesarean section for term babies, 40000 ,
OTHER SERVICES (NICU),,DHKCTWIC,Neonatal resuscitation for term vaginal delievery, 20000 ,
OTHER SERVICES (NICU),,DHVNPEPV,Partial EBT (For Cyanotic Cong HRT DX), 60000 ,
OTHER SERVICES (NICU),,DHZUNVYH,Endotrachael Intubation, 50000 ,
OTHER SERVICES (NICU),,DHNMKPTT,Exchange Blood Transfusion (Set & Procedure), 100000 ,
OTHER SERVICES (NICU),,DHIGJNKU,Neonatal rescuscitation + Endotrachael Intubation, 150000 ,
OTHER SERVICES (NICU),,DHKWEUDK,Lying- In ward Deposit (Treating sick baby by mother�s side), 50000 ,
INPATIENT/OUT PATIENT PROCEDURES,,DHZXWZZS,Wound Dressing,,
INPATIENT/OUT PATIENT PROCEDURES,,DHUYMWFS,Minor Dressing/day, 2000 ,
INPATIENT/OUT PATIENT PROCEDURES,,DHQONOWY,Moderate Dressing/day, 5000 ,
INPATIENT/OUT PATIENT PROCEDURES,,DHNSEBZR,Major Dressing/day, 9500 ,
INPATIENT/OUT PATIENT PROCEDURES,,DHRMPASO,Major Dressing by Consultant/daily, 17500 ,
INPATIENT/OUT PATIENT PROCEDURES,,DHNPBMHG, Suturing of Laceration ,,
INPATIENT/OUT PATIENT PROCEDURES,,DHHJNYMT, Suturing of minor/small Laceration (Under Local anaesthesia -LA), 10000 ,
INPATIENT/OUT PATIENT PROCEDURES,,DHFNDIK, Suturing of major/deep Laceration under LA, 20000 ,
INPATIENT/OUT PATIENT PROCEDURES,,DHVEBKFP, Suturing of Extensive laceration Under LA, 30000 ,
INPATIENT/OUT PATIENT PROCEDURES,,DHJYKAAK, Suturing by Consultant Under LA, 50000 ,
INPATIENT/OUT PATIENT PROCEDURES,,DHHAEMOA,Cut Down (Adult), 65000 ,
INPATIENT/OUT PATIENT PROCEDURES,,DHEOQNBR,Incision & Drainage for Small abscess (for Procedure only Under LA), 25000 ,
INPATIENT/OUT PATIENT PROCEDURES,,DHKAFIGE,Incision & Drainage for big abscess (for Procedure only Under LA), 90000 ,
INPATIENT/OUT PATIENT PROCEDURES,,DHAEACF,Incision & Drainage for big abscess (For Procedure only Under GA), 150000 ,
Other Services (In/Out Patient),,DHCUUYEY,Infusion tray, 2000 ,
Other Services (In/Out Patient),,DHMVEEWU,I.M Injection daily, 500 ,
Other Services (In/Out Patient),,DHJVQMEA,Catherization of urinary bladder with urine bag, 3000 ,
Other Services (In/Out Patient),,DHRXPIEU,Catherization Only, 2000 ,
Other Services (In/Out Patient),,DHPCVHJU,NG tube insertion Adult, 2000 ,
Other Services (In/Out Patient),,DHBCKOXN,Endotracheal Intubation Only, 50000 ,
Other Services (In/Out Patient),,DHKSUIPB,Electrocardiogram (ECG), 10000 ,
Other Services (In/Out Patient),,DHHGYROC,Echocardiography (ECHO Adult), 20000 ,
Other Services (In/Out Patient),,DHUUUSVQ,Blood Sugar monitoring using glucometer/test, 1000 ,
Other Services (In/Out Patient),,DHZMTZKI,blood Sugar monitoring using Lab test, 2000 ,
Other Services (In/Out Patient),,DHQICWTZ,Suctioning, 3000 ,
Other Services (In/Out Patient),,DHGTECJM,Pap Smear (Cytology) and other Cytology, 15000 ,
Other Services (In/Out Patient),,DHODQXGE,Merina Insert (including drugs), 80000 ,
Other Services (In/Out Patient),,DHVLXVSE,Merina Removal (OPD), 20000 ,
Other Services (In/Out Patient),,DHPNVNCZ,IUCD Insertion (CUT) , 20000 ,
Other Services (In/Out Patient),,DHFOUEXD,IUCD Removal, 5000 ,
Other Services (In/Out Patient),,DHJNDRIZ,Implant, 50000 ,
Other Services (In/Out Patient),,DHDUMOIA,Implant Removal  (uncomplicated), 20000 ,
Other Services (In/Out Patient),,DHMMUULG,Vaginal Examination, 1000 ,
Other Services (In/Out Patient),,DHQVPOIU,Cardiac Monitor (Per day), 10000 ,
Other Services (In/Out Patient),,DHAXJZEC,Holter Monitor (24 Hours), 25000 ,
Other Services (In/Out Patient),,DHEULMDZ,Lumpectomy (breast), 150000 ,
Other Services (In/Out Patient),,DHWXHUIN,Excision Biopsy (Excluding GA), 150000 ,
Other Services (In/Out Patient),,DHRNTBIR,Endoscopy (Upper GI), 100000 ,
Other Services (In/Out Patient),,DHDKMNCR,Endoscopy (Lower GI), 120000 ,
Other Services (In/Out Patient),,DHMGLHYV,24 Hours ambulatory BP monitor, 30000 ,
Other Services (In/Out Patient),,DHKSWCIN,Femoral vein cathetrization, 75000 ,
ANC,,DHJCZEIM,ANC Fee,175000,
ANC,,DHEPGSRN,ANC fee (Chief Consultant),250000,
Ultrasound,,DHIUZJKQ,3D or 4D Scan/Doppler scan, 20000 ,
Ultrasound,,DHDTNXJX,Anomaly Scan , 20000 ,
Ultrasound,,DHWVSSQU,Transavaginal Scan 2D, 5000 ,
Ultrasound,,DHHVMCOC,Abdominal Ultrasound Scan 2D, 5000 ,
Ultrasound,,DHRURECC,Pelvic Utrasound Scan 2D, 5000 ,
Ultrasound,,DHKRVQQG,Transfrontanelle, 15000 ,
Ultrasound,,DHLDVEMK,Nuchal Translucency, 20000 ,
Ultrasound,,DHHOYMXP,Cardiotocography (CTG) out patient, 20000 ,
Ultrasound,,DHOMHQUD,Cardiotocography (CTG) in Labour, 25000 ,
Delivery Charges,,DHYNXNRM,Booked delievery fee (for those who paid ANC fee),150000,
Delivery Charges,,DHDHNHBK,UnBooked Delivery Fee (For those who did not pay ANC fee),180000,
Other Services,,DHTHOIAU,Epidural (Extra Charge on above cost), 180000 ,
Other Services,,DHVSICYP,Episiotomy/perineal repair, 20000 ,
Other Services,,DHUEWUUF,Repair of cervical laceration (under anaesthesia), 130000 ,
Other Services,,DHFKKXZ,Manual removal of placenta (under anaesthesia), 130000 ,
Other Services,,DHDMXAWI,cervical removal (outside insertion), 50000 ,
Other Services,,DHQNVNAZ,cervical removal (inside  insertion), 20000 ,
Other Services,,DHVBQCFC,Assisted breech delievery (additional cost), 100000 ,
Other Services,,DHWQVIW,Vacum delievery (additional cost), 60000 ,
Other Services,,DHJRJCRP,Induction of Labour (Where applicable), 20000 ,
Other Services,,DHHNMTCJ,Consumables (Where applicable), 5000 ,
OBS/GYN Theatre Procedures,Minor Surgery,DHMXABFV,Therapeatic D & C, 150000.00 ,
OBS/GYN Theatre Procedures,Minor Surgery,DHZLQLFE,MVA/ ERPC, 150000.00 ,
OBS/GYN Theatre Procedures,Minor Surgery,DHRDFEAE,Marsuprilization of Bartholins  Cyst/abscess, 150000.00 ,
OBS/GYN Theatre Procedures,Minor Surgery,DHAMBTIL,Manual removal of placenta, 150000.00 ,
OBS/GYN Theatre Procedures,Minor Surgery,DHREDLFI,Prodophythin warts excision, 150000.00 ,
OBS/GYN Theatre Procedures,Minor Surgery,DHHBUZIU,Colopscopy, 150000.00 ,
OBS/GYN Theatre Procedures,Minor Surgery,DHPTHYLT,Repair of cervical laceration, 150000.00 ,
OBS/GYN Theatre Procedures,Minor Surgery,DHXVZVUY,Excisional biopsy of surface lumps, 150000.00 ,
OBS/GYN Theatre Procedures,Minor Surgery,DHUVEOHD,Diagnostic hysteroscopy, 150000.00 ,
OBS/GYN Theatre Procedures,Minor Surgery,DHDHENBD,Examination under anaesthesia, 150000.00 ,
OBS/GYN Theatre Procedures,Minor Surgery,DHRWMLLF,Cervical Biopsy, 150000.00 ,
OBS/GYN Theatre Procedures,Minor Surgery,DHTPJRDH,Endometrial Biopsy, 150000.00 ,
OBS/GYN Theatre Procedures,Minor Surgery,DHIATCQE,Ultrasound guided Ovarian cyst drainage, 150000.00 ,
OBS/GYN Theatre Procedures,Minor Surgery,DHSXSSCX,Ultrasound guided Endometrial fluid drainage, 150000.00 ,
OBS/GYN Theatre Procedures,Intermediate Surgery,DHXEJWRU, Primary repair of 3rd degree perineatear/laceration , 350000.00 ,
OBS/GYN Theatre Procedures,Intermediate Surgery,DHGPUWFP, Cervical cerclage , 350000.00 ,
OBS/GYN Theatre Procedures,Intermediate Surgery,DHMGJDBK, Cervical Carterization , 350000.00 ,
OBS/GYN Theatre Procedures,Intermediate Surgery,DHKGGMWT, Culdotomy for Pelvic Abscess Drainage , 350000.00 ,
OBS/GYN Theatre Procedures,Intermediate Surgery,DHRWMSKM, Culporrhaphy , 350000.00 ,
OBS/GYN Theatre Procedures,Intermediate Surgery,DHQPKXME, Perineorraphy  , 350000.00 ,
OBS/GYN Theatre Procedures,Intermediate Surgery,DHCFBYTK, cuploperineorrhaphy , 500000.00 ,
OBS/GYN Theatre Procedures,Major Category A,DHSWNOES,Primary Caesarean Section (Absence of previous abdominal surgery), 600000.00 ,
OBS/GYN Theatre Procedures,Major Category A,DHPNIYTA, Simple Myomectomy (absence of previous abdominal surgery and Uterine size less than18 weeks size , 600000.00 ,
OBS/GYN Theatre Procedures,Major Category A,DHSFLQKI,Cupo- Perineorrhaphy, 600000.00 ,
OBS/GYN Theatre Procedures,Major Category A,DHENVWCL,Vaginal Hysterostomy for prolapse case, 600000.00 ,
OBS/GYN Theatre Procedures,Major Category A,DHKYFCSV,"Simple Abdominal Total Hysterostomy (absence of Previous Surgery, Uterine size less than 18wks", 600000.00 ,
OBS/GYN Theatre Procedures,Major Category A,DHKFBQXW,Ovarian cystectomy, 600000.00 ,
OBS/GYN Theatre Procedures,Major Category A,DHQNSIIF,Repair of Ruptured Uterus, 600000.00 ,
OBS/GYN Theatre Procedures,Major Category A,DHBCZZCP,Salpingectomy/Ectopic Pregnancy (open surgery), 600000.00 ,
OBS/GYN Theatre Procedures,Major Category A,DHAHMBUA,Pelvic Adhesiolysis (minimum deposit), 600000.00 ,
OBS/GYN Theatre Procedures,Major Category A,DHLPVCHP,Primary Exploratory Laparotomy (minimum deposit), 600000.00 ,
OBS/GYN Theatre Procedures,Major Category A,DHWLYRNT,VVF repair , 600000.00 ,
OBS/GYN Theatre Procedures,Major Category A,DHZXWNMS,RVF repair, 600000.00 ,
OBS/GYN Theatre Procedures,Major Category B,DHYLGOZA," Secondary Caeserean section (CS with history of 1-2 prevoius CS or 1 previous other pelvic surgeryeg myomectomy, salpingectomy ets) ", 700000.00 ,
OBS/GYN Theatre Procedures,Major Category B,DHLMZKEI," Primary CS with associated medical disorder (eg Hypertension, Diabetes, Immunodeficiency etc) ", 700000.00 ,
OBS/GYN Theatre Procedures,Major Category B,DHBICLCG, Primary Open Myomectomy (prescence of previous abdominal surgery or uterinesize greater than 18 weeks size but less than 28 weeks or the presence co-morbidities) , 700000.00 ,
OBS/GYN Theatre Procedures,Major Category B,DHDXELUZ, Vaginal Hysterectomy for non prolapse cases , 700000.00 ,
OBS/GYN Theatre Procedures,Major Category B,DHGZZHN, Difficult Abdominal Hysterectomy (presence of uterine size greater than 18 weeks or one previous abdominal surgery or co-existing medical condition) , 700000.00 ,
OBS/GYN Theatre Procedures,Major Category B,DHUNOXHY, Primary caeserean myomectomy , 700000.00 ,
OBS/GYN Theatre Procedures,Major Category B,DHOEXDQR," Difficult Myomectomy (with 1 previous Pelvic surgery eg CS, Myomectomy, salpingectomy etc) ", 700000.00 ,
OBS/GYN Theatre Procedures,Major Category B,DHQCZIAD, Primary laparotomy for endometriosis surgery , 700000.00 ,
OBS/GYN Theatre Procedures,Major Category C,DHQLGQYW," Caesarean section with two previous abdominal surgery  (like Myomectomy, Salpingectomy etc  or 3-4 previous CS) ", 800000.00 ,
OBS/GYN Theatre Procedures,Major Category C,DHIYYKWE," Very difficult open myomectomy ( presence of two previous myomectomies, primary myomectomy with uterine size > 28 weeks, two or more previous pelvic surgeries) ", 900000.00 ,
OBS/GYN Theatre Procedures,Major Category C,DHSHNEAW, Difficult laparotomy for endometriosis surgery , 900000.00 ,
OBS/GYN Theatre Procedures,Major Category C,DHMMCQTO, Total Abdominal Hysterectomy 2-3 Previous pelvic surgery  , 900000.00 ,
OBS/GYN Theatre Procedures,Major Category C,DHDMNLHC, Vaginal Hysterectomy without Uterine Descent (with history of previous pelvic surgery) , 900000.00 ,
OBS/GYN Theatre Procedures,Major Category D,DHTCEPSH, Complex Caeserean Section (presence of of multiple pathologies or multiple previous surgeries) ," 1000,000.00 ",
OBS/GYN Theatre Procedures,Major Category D,DHQIHUDT, Complex Myomectomy (presence of minimum 2 or more previous abdominal surgeries ," 1000,000.00 ",
OBS/GYN Theatre Procedures,Major Category D,DHBEWJVM, Complex abdominal Hysterectomy (multiple previous abdominal surgery ) ," 1000,000.00 ",
OBS/GYN Theatre Procedures,Major Category D,DHVTTPHK, Complex exploratory laparotomy ," 1000,000.00 ",
OBS/GYN Theatre Procedures,Major Category D,DHVKAKDM, Consumables (Major Surgery) , 25000.00 ,
OBS/GYN Theatre Procedures,Major Category D,DHBFAQUE, Consumables (Intermediated Surgery) , 15000.00 ,
OBS/GYN Theatre Procedures,Major Category D,DHPOXLAS, Consumables (Normal Delivery) , 10000.00 ,
OBS/GYN Theatre Procedures,Major Category D,DHOJFBJK," Consumables (Medical, excluding patient on bed rest) ", 5000.00 ,
GYNAE Endoscopy,Minor Surgery,DHPRREXX, Diagnostic Hysteroscopy , 175000.00 ,
GYNAE Endoscopy,Minor Surgery,DHBISHAO, Hysteroscopic retrival of IUCD , 175000.00 ,
GYNAE Endoscopy,Intermediate Surgery,DHWPHSXV, Hysteroscopic Adhesiolysis , 400000.00 ,
GYNAE Endoscopy,Intermediate Surgery,DHQBLQCM, Hysteroscopic Polypectomy , 400000.00 ,
GYNAE Endoscopy,Intermediate Surgery,DHCNGNOQ, Diagnostic Laparoscopy , 350000.00 ,
GYNAE Endoscopy,Intermediate Surgery,DHTYODVP, Laparoscopy and dye test  , 350000.00 ,
GYNAE Endoscopy,Intermediate Surgery,DHFRKMUV, Hysteroscopic Bone pieces retrieval  , 400000.00 ,
GYNAE Endoscopy,Major Category A,DHUARKSC, Combined diagnostic laparoscopy and hysteroscopy , 450000.00 ,
GYNAE Endoscopy,Major Category A,DHQYZAIG, Laparoscopic retrieval of missing IUCD , 450000.00 ,
GYNAE Endoscopy,Major Category A,DHFWV, Laparoscopic Tubal Ligation , 450000.00 ,
GYNAE Endoscopy,Major Category A,DHVTXWRV, Laparoscopic Ovarian Drilling  , 450000.00 ,
GYNAE Endoscopy,Major Category A,DHMLORRL, Hysteroscopic Myomectomy , 600000.00 ,
GYNAE Endoscopy,Major Category B,DHYRQRSV, Laparoscopic Salpingostomy /Salpingectomy , 650000.00 ,
GYNAE Endoscopy,Major Category B,DHOKBPEL, Laparoscopic Ovarian cystectomy , 650000.00 ,
GYNAE Endoscopy,Major Category C,DHWFUEIT, Laparoscopic Myomectomy (Maximum 4 Fibroids) ," 1000,000.00 ",
GYNAE Endoscopy,Major Category C,DHUGDWOT, Laparoscopic Hysterectomy ," 1000,000.00 ",
GYNAE Endoscopy,Major Category C,DHPBEJPC, Laparoscopic pelvic adhesiolysis ," 1000,000.00 ",
GYNAE Endoscopy,Consumables,DHEMJNHS, Consumables (Major Surgery) , 25000.00 ,
GYNAE Endoscopy,Consumables,DHKNZG, Consumables (Intermediated Surgery) , 15000.00 ,
GYNAE Endoscopy,Consumables,DHIDUONC, Consumables (Normal Delivery) , 10000.00 ,
GYNAE Endoscopy,Consumables,DHKRADUK," Consumables (Medical, excluding patient on bed rest) ", 5000.00 ,
ENT TARIFF,,DHOKFGKL,consultation, 20000 ,
ENT TARIFF,,DHHTBDEX,Tonsilectomy, 500000 ,
ENT TARIFF,,DHRYOGOZ,Adenoidectomy, 500000 ,
ENT TARIFF,,DHXYGCQG,Adeno-Tonsilectomy, 650000 ,
ENT TARIFF,,DHTNPPVW,Polypectomy (Nasal), 450000 ,
ENT TARIFF,,DHMGRGYX,Antroal Washout, 250000 ,
ENT TARIFF,,DHPLWNAJ,Tympanoplasty, 600000 ,
ENT TARIFF,,DHGLATTF,Foreign Body removal (L.A.), 50000 ,
ENT TARIFF,,DHEEJRKL,Foreign Body removal (G.A.), 350000 ,
ENT TARIFF,,DHLVEQBS,Bilateral Intranasal Anstrostomy + Polypectomy, 550000 ,
ENT TARIFF,,DHGGJYJR,Ear Syringing (Wax etc), 50000 ,
GENERAL SURGERY,,DHFXETJD,Laparotomy, 700000 ,
GENERAL SURGERY,,DHACGENC,Laparoscopic Cholecystecomy, 750000 ,
GENERAL SURGERY,,DHHOIXOZ,Laparoscopic Appendicectomy, 550000 ,
GENERAL SURGERY,,DHXIBAA,Laparoscopic Mesh Hernia Repairs, 700000 ,
GENERAL SURGERY,,DHRFIGMW,Diagnostic Laparoscopy, 500000 ,
GENERAL SURGERY,,DHYIRJVB,Mesh Inguinal Hernia Repair, 500000 ,
GENERAL SURGERY,,DHSLGDJK,Mesh Incisional Hernia Repair, 600000 ,
GENERAL SURGERY,,DHHVJMRR,Subtotal Thyroidectomy, 600000 ,
GENERAL SURGERY,,DHGQAVEJ,Laparoscopic Adhesionolysis, 670000 ,
GENERAL SURGERY,,DHBUYFWR,Abdominoplasty (Tummy Tuck), 900000 ,
GENERAL SURGERY,,DHBTHAZM,Anterior Resection," 1000,000 ",
GENERAL SURGERY,,DHDGSYT,Laparoscopic Anterior Resection," 1300,000 ",
GENERAL SURGERY,,DHYETTRG,Sigmoid Colectomy, 800000 ,
GENERAL SURGERY,,DHQFFZFB,Open Appendicetomy, 450000 ,
GENERAL SURGERY,,DHDFRNB,COMPLEX Breast lumpectomy, 450000 ,
GENERAL SURGERY,,DHZAPSZN,SIMPLE Brest lumpectomy,250000,
GENERAL SURGERY,,DHXBCXBE,Mastectomy, 600000 ,
GENERAL SURGERY,,DHIJTMGA,Open Heamorrhoidectomy, 600000 ,
GENERAL SURGERY,,DHFWNNAI,Staple haemorrhoidectomy,"1000,000",
GENERAL SURGERY,,DHKPIMBX,Surface excisional biopsy for small mass,200000,
GENERAL SURGERY,,DHEJABQK,Surface excisional biopsy for large mass,450000,
GENERAL SURGERY,,DHYZBLAO,Open herniorrhaphy/ herniotomy, 600000 ,
Clinical Laboratory,Armenia,DHXETFFS,Vitamin B12,15000,
Clinical Laboratory,Cardiac Markers,DHNCHZKP,BNP (brain natriuretic peptide),87000,
Clinical Laboratory,Cardiac Markers,DHJTRIHT,Cardiac Profile,40000,
Clinical Laboratory,Cardiac Markers,DHWHVVXM,CK (Creatinine Kinase),7000,
Clinical Laboratory,Cardiac Markers,DHGWYFLY,CK-MB,10000,
Clinical Laboratory,Cardiac Markers,DHDCXDCW,D-Dimer,15000,
Clinical Laboratory,Cardiac Markers,DHTULAIE,hsCRP,10000,
Clinical Laboratory,Cardiac Markers,DHDHCEVP,Myoglobin,10000,
Clinical Laboratory,Cardiac Markers,DHUKIWOC,Tn-II (Troponin II),10000,
Clinical Laboratory,Chemical Pathology,DHGOQYIO,Amylase,5000,
Clinical Laboratory,Chemical Pathology,DHICELYW,CSF Glucose (alone),5000,
Clinical Laboratory,Chemical Pathology,DHWZGNQR,Direct Bilirubin,5000,
Clinical Laboratory,Chemical Pathology,DHXZBNOQ,Electrolytes (alone),6000,
Clinical Laboratory,Chemical Pathology,DHDQMMWP,"Electrolytes, Urea & Creatinine (EUCr/U&C,E)",10000,
Clinical Laboratory,Chemical Pathology,DHOMBBB,Urea  & Creatinine (alone) ,4000,
Clinical Laboratory,Chemical Pathology,DHSHG,Creatinine (alone) ,3000,
Clinical Laboratory,Chemical Pathology,DHXQHPCG,Fasting/Random Blood Sugar (FBS/RBS),2000,
Clinical Laboratory,Chemical Pathology,DHKRZYKD,FBS + 2hrs PP,4000,
Clinical Laboratory,Chemical Pathology,DHOJOPQ,HBA1C,10000,
Clinical Laboratory,Chemical Pathology,DHFXSPVW,OGTT,10000,
Clinical Laboratory,Chemical Pathology,DHBYHNZ,CSF Glucose ,5000,
Clinical Laboratory,Chemical Pathology,DHFHSAZK,CSF Protein,5000,
Clinical Laboratory,Chemical Pathology,DHFISFDN,CSF Analysis,15000,
Clinical Laboratory,Chemical Pathology,DHQCQLML,CSF Chemistry,7000,
Clinical Laboratory,Chemical Pathology,DHVBWTJD,Lipid Profile,10000,
Clinical Laboratory,Chemical Pathology,DHJGLMUK,Cholesterol,5000,
Clinical Laboratory,Chemical Pathology,DHUXACXX,Triglycerides,3000,
Clinical Laboratory,Chemical Pathology,DHZBMTBE,LDL (Measured),6000,
Clinical Laboratory,Chemical Pathology,DHDDPRWE,HDL Cholesterol,6000,
Clinical Laboratory,Chemical Pathology,DHKHNI,LFT (Liver Function Test),10000,
Clinical Laboratory,Chemical Pathology,DHYJSJGL,Alkaline Phosphate,3000,
Clinical Laboratory,Chemical Pathology,DHUHNKJM,Total Protein,4000,
Clinical Laboratory,Chemical Pathology,DHGXYOUE,Serum Albumin,3000,
Clinical Laboratory,Chemical Pathology,DHFMAVRN,Serum Proteins (ALB/Tprot.),5000,
Clinical Laboratory,Chemical Pathology,DHPTJQHW,Serum Bilirubin,5000,
Clinical Laboratory,Chemical Pathology,DHBQBZHN,Total Bilirubin,5000,
Clinical Laboratory,Chemical Pathology,DHDYKCHA,SGPT/GOT (AST/ALT),4000,
Clinical Laboratory,Chemical Pathology,DHKORSCE,Serum Calcium,3000,
Clinical Laboratory,Chemical Pathology,DHNDXMGA,Serum Phosphate,3000,
Clinical Laboratory,Chemical Pathology,DHLUFMMY,Serum Pregnancy Test (PGT),2000,
Clinical Laboratory,Chemical Pathology,DHQINGSE,Uric Acid,5000,
Clinical Laboratory,Chemical Pathology,DHNBIIVG,Acid Phosphatase,10500,
Clinical Laboratory,Chemical Pathology,DHUEUVEP,Rheumatoid Factor,5000,
Clinical Laboratory,Chemical Pathology,DHCJCRSC,Alpha feto protein,10000,
Clinical Laboratory,Chemical Pathology,DHXYOLVT,PSA (RAPID),5000,
Clinical Laboratory,Chemical Pathology,DHMSXXSH,Urine Pregnancy Test,2000,
Clinical Laboratory,Chemical Pathology,DHETDQHQ,Urinalysis,2000,
Clinical Laboratory,Endocrinology,DHEUQXPC,AMH,40000,
Clinical Laboratory,Endocrinology,DHUDYZEQ,Estradiol (E2),10000,
Clinical Laboratory,Endocrinology,DHUZONMY,Estriol (E3),25000,
Clinical Laboratory,Endocrinology,DHPLXZHH,estrogen,10000,
Clinical Laboratory,Endocrinology,DHGYGXIV,FSH,8000,
Clinical Laboratory,Endocrinology,DHGVTGGO,LH,8000,
Clinical Laboratory,Endocrinology,DHKGFHKY,Progesterone,10000,
Clinical Laboratory,Endocrinology,DHOEIZII,Prolactin,8000,
Clinical Laboratory,Endocrinology,DHIEWUCG,Serum HCG,10000,
Clinical Laboratory,Endocrinology,DHMIFOSP,Testosterone,10000,
Clinical Laboratory,Endocrinology,DHGFXXGH,_  HCG,10000,
Clinical Laboratory,Endocrinology,DHUYWFIS,17-OH Progesterone,23000,
Clinical Laboratory,Endocrine-Thyroid,DHOKKLAP,Free T3,10000,
Clinical Laboratory,Endocrine-Thyroid,DHLXPKSE,Free T4,10000,
Clinical Laboratory,Endocrine-Thyroid,DHPLPXBJ,T3,10000,
Clinical Laboratory,Endocrine-Thyroid,DHXOGXPF,T4,10000,
Clinical Laboratory,Endocrine-Thyroid,DHFTWHOA,TSH,10000,
Clinical Laboratory,Haematology,DHCAMTHU,Bleeding & Clotting Time,8000,
Clinical Laboratory,Haematology,DHOTNKAO,Bleeding Time,10000,
Clinical Laboratory,Haematology,DHKRXBIS,Blood Group + Rh,2000,
Clinical Laboratory,Haematology,DHVCTHTD,Blood grouping,3000,
Clinical Laboratory,Haematology,DHWXKEVY,Clotting Time,10000,
Clinical Laboratory,Haematology,DHIERYBN,Comb�s Test (Direct),15000,
Clinical Laboratory,Haematology,DHCJTLOP,Comb�s Test (Indirect),15000,
Clinical Laboratory,Haematology,DHEGQWRA,ESR,3000,
Clinical Laboratory,Haematology,DHVPMG,Family Replacement Donor,23000,
Clinical Laboratory,Haematology,DHTWUBWM,FBC/CBC,5000,
Clinical Laboratory,Haematology,DHPYRMTY,Genotype/Hb Electrophoresis,3000,
Clinical Laboratory,Haematology,DHEEVTSY,GxM Negative Blood,30000,
Clinical Laboratory,Haematology,DHIUIIPC,GxM Positive Blood,25000,
Clinical Laboratory,Haematology,DHTUUTMB,Haemoglobin,3000,
Clinical Laboratory,Haematology,DHOWUPXM,MCHC/MCV,3000,
Clinical Laboratory,Haematology,DHLHIJEI,MPs,3000,
Clinical Laboratory,Haematology,DHILEHMC,MPs (Rapid),2000,
Clinical Laboratory,Haematology,DHSINBTF,PCV,2000,
Clinical Laboratory,Haematology,DHOHYNMP,Platelet Count,3000,
Clinical Laboratory,Haematology,DHGZZBRR,WBC Count,4000,
Clinical Laboratory,Haematology,DHMKKGOA,Pregnancy Test Blood,2000,
Clinical Laboratory,Haematology,DHKMTZG,Pregnancy Test urine,1000,
Clinical Laboratory,Haematology,DHMLEOZS,Screening of blood donor,20000,
Clinical Laboratory,Histology/Cytology,DHYYIRKO,Histological Tissue,25000,
Clinical Laboratory,Histology/Cytology,DHSUCRMN,PAP Smear/Biopsy,15000,
Clinical Laboratory,Immunology,DHBHXBKV,AntiCardiolipin Antibodies,42000,
Clinical Laboratory,Immunology,DHSOVIUT,AntiPhospholipid Antibodies,30000,
Clinical Laboratory,Immunology,DHDDXOOH,CD4 Cell Count,25000,
Clinical Laboratory,Immunology,DHPYTPYU,Chlamydia Test,5000,
Clinical Laboratory,Immunology,DHNELHDX,CRP,10000,
Clinical Laboratory,Immunology,DHOGDKBW,H.Pylori (Ab) (Blood),20000,
Clinical Laboratory,Immunology,DHVCDLVH,HbcAG,15000,
Clinical Laboratory,Immunology,DHGWFIM,HbeAG,15000,
Clinical Laboratory,Immunology,DHVKSDFU,HBsAG,,
Clinical Laboratory,Immunology,DHJVQKJP,Hepatitis B,2000,
Clinical Laboratory,Immunology,DHHURXRZ,Hepatitis C,5000,
Clinical Laboratory,Immunology,DHLBXYKM,HIV Screening,5000,
Clinical Laboratory,Immunology,DHRMWJAJ,Rheumatoid Factor (Qualitative),10000,
Clinical Laboratory,Immunology,DHEEFQNM,Rheumatoid Factor (Quantitative) IgM,16000,
Clinical Laboratory,Immunology,DHVFVIP,Serum Cortisol,15000,
Clinical Laboratory,Immunology,DHOBMOBP,Torches Panel (IgG & IgM),95000,
Clinical Laboratory,Immunology,DHUTYPHA,Torches Panel (IgG or IgM),55000,
Clinical Laboratory,Immunology,DHSVNIUQ,VDRL,2000,
Clinical Laboratory,Immunology,DHYHVNQQ,Western Blot/Confirmatory,60000,
Clinical Laboratory,Immunology,DHPBMGNJ,Widal Test,3000,
Clinical Laboratory,Microbiology,DHZSHKGG,Aspirate for MCS,4500,
Clinical Laboratory,Microbiology,DHJZQTHH,Blood Culture,20000,
Clinical Laboratory,Microbiology,DHGAGBJK,Blood culture & Sensitivity,,
Clinical Laboratory,Microbiology,DHXESJVS,Ear/ MCS,4500,
Clinical Laboratory,Microbiology,DHSQXHAI,ECS/MCS,5000,
Clinical Laboratory,Microbiology,DHRQMJPG,Eye/MCS,4500,
Clinical Laboratory,Microbiology,DHJSVXDG,HVS/ MCS,5000,
Clinical Laboratory,Microbiology,DHOLHGVI,Nasal/Swab MCS,4500,
Clinical Laboratory,Microbiology,DHHXVBDK,Semen Culture,4500,
Clinical Laboratory,Microbiology,DHENECQD,Sputum MCS,4500,
Clinical Laboratory,Microbiology,DHKJKGTC,Sputum AFB,5000,
Clinical Laboratory,Microbiology,DHSAHESX,Stool /MCS,5500,
Clinical Laboratory,Microbiology,DHRGDWUR,Stool/ Microscopy,3000,
Clinical Laboratory,Microbiology,DHZPVSDD,TB Screening,10000,
Clinical Laboratory,Microbiology,DHGJANFF,Throat Swab /MCS,4500,
Clinical Laboratory,Microbiology,DHBNSQDD,Urethral MCS,5000,
Clinical Laboratory,Microbiology,DHDAAYFX,Urine/MCS,4500,
Clinical Laboratory,Microbiology,DHEPTIRR,Urine/Microscopy,2000,
Clinical Laboratory,Microbiology,DHABCTXG,Wound Swab/MCS,4500,
Clinical Laboratory,Tumour Markers,DHFBEOWY,FREE PSA,20000,
Clinical Laboratory,Tumour Markers,DHDORTYC,Total PSA,16000,
Clinical Laboratory,Digital X-Ray,DHVLUDSY, Mammography (Routine/Screening) ,10000 ,
Clinical Laboratory,Digital X-Ray,DHPXCXDY, Knee Joint (Ap & Lat)                                        ,5000 ,
Clinical Laboratory,Digital X-Ray,DHVCHXHE, Both Knee Joint (Ap & Lat)                                        ,8000 ,
Clinical Laboratory,Digital X-Ray,DHZKPJRS, Single Leg (Tibia & Fibula) (Ap + Lat)                             ,5000 ,
Clinical Laboratory,Digital X-Ray,DHODRQPL, Both Legs (Tibia & Fibula)                                ,9000 ,
Clinical Laboratory,Digital X-Ray,DHDJLNHA, Foot (Ap & Oblique)                                           ,5000 ,
Clinical Laboratory,Digital X-Ray,DHFQXGPI, Both Feet (Ap & Oblique)                                        ,8000 ,
Clinical Laboratory,Digital X-Ray,DHZQWVUP, Hand (Ap & Oblique)                                        ,5000 ,
Clinical Laboratory,Digital X-Ray,DHZCEYAC, Both Hands (Ap & Oblique)                                        ,8000 ,
Clinical Laboratory,Digital X-Ray,DHYPRHSZ, Calcaneum (Heel)                                  ,6000 ,
Clinical Laboratory,Digital X-Ray,DHRCXNCX, Skull (Ap + Lat)                                                  ,6000 ,
Clinical Laboratory,Digital X-Ray,DHMLTDXU, Pituitary Fossa/Sella Turcica                 ,5500 ,
Clinical Laboratory,Digital X-Ray,DHEEAUPS," Sinuses (Of, Om & Lat)                                   ",7000 ,
Clinical Laboratory,Digital X-Ray,DHXODHMR, Mastoids/Iam                                                 ,6000 ,
Clinical Laboratory,Digital X-Ray,DHULGCHM, Mandible/Maxilla                                          ,7000 ,
Clinical Laboratory,Digital X-Ray,DHSVAXMT, Both Temporo-Mandibula                       ,10000 ,
Clinical Laboratory,Digital X-Ray,DHVCEWSS, Cervical Spine (Ap + Lat) + Obliques = 1000                     ,6000 ,
Clinical Laboratory,Digital X-Ray,DHKIXBL, Thoracic Spine (Ap + Lat)                                   ,7000 ,
Clinical Laboratory,Digital X-Ray,DHWEXINL, Lumbo Sacral (Obliques)  ,6000 ,
Clinical Laboratory,Digital X-Ray,DHZLCEUK, Hip Joint (Ap + Lat) (Both + 4000)                  ,5500 ,
Clinical Laboratory,Digital X-Ray,DHFIEJKG, Pelvis                                   ,5000 ,
Clinical Laboratory,Digital X-Ray,DHHRCZCL, Chest Pa & La                                                             ,5000 ,
Clinical Laboratory,Digital X-Ray,DHXEIXET, Chest Pa                                                                       ,4000 ,
Clinical Laboratory,Digital X-Ray,DHTGHDFA, Abdomen (KUB)                                                        ,4000 ,
Clinical Laboratory,Digital X-Ray,DHRLDKCM, Abdomen Erect Supine                          ,6000 ,
Clinical Laboratory,Digital X-Ray,DHAAFMZJ, Shoulder Joint                                          ,5000 ,
Clinical Laboratory,Digital X-Ray,DHAJCUWN, Both Shoulder Joints                                          ,9000 ,
Clinical Laboratory,Digital X-Ray,DHRPEFYR, Humerus                                                             ,6000 ,
Clinical Laboratory,Digital X-Ray,DHZDXSMK, Both Humerus                                                             ,10000 ,
Clinical Laboratory,Digital X-Ray,DHIDTTRE, Elbow Joint (AP+LAT)                                               ,5000 ,
Clinical Laboratory,Digital X-Ray,DHYYPLKS, Both Elbows ,7000 ,
Clinical Laboratory,Digital X-Ray,DHZXEEGM, Radius & Ulna (L/R)                                                  ,5000 ,
Clinical Laboratory,Digital X-Ray,DHDEHS, Both Radius & Ulna ( AP+LAT=6000)                                          ,8000 ,
Clinical Laboratory,Digital X-Ray,DHHPTRUW, Wrist Joint (Ap +Lat + Oblique)                             ,5000 ,
Clinical Laboratory,Digital X-Ray,DHKVJHQR, Both Wrist Joint                                                  ,8000 ,
Clinical Laboratory,Digital X-Ray,DHJWRKNI, Femur (AP+LAT)                                                         ,6000 ,
Clinical Laboratory,Digital X-Ray,DHASQNLG, Both Femora                                               ,10000 ,
Clinical Laboratory,Digital X-Ray,DHMGCXGB, Ankles (AP+LAT) Both 8000                                                      ,5000 ,
Clinical Laboratory,Digital X-Ray,DHWANKJQ, Adenoid ,6000 ,
Clinical Laboratory,Digital X-Ray,DHDNSCKD, Orbits  ,5000 ,
Clinical Laboratory,Digital X-Ray,DHTOFWFD, Soft Tissue Neck  ,6000 ,
Clinical Laboratory,Digital X-Ray,DHLNEHEN, Thoracic Inlet ,6000 ,
Clinical Laboratory,Digital X-Ray,DHFLHEZQ, Clavicle ,5000 ,
Clinical Laboratory,Digital X-Ray,DHMPXXZX, Sternum ,5000 ,
Clinical Laboratory,Digital X-Ray,DHBPWFPA, Hib Cage ,5000 ,
Clinical Laboratory,Digital X-Ray,DHYCTXSL, Sacro-Ilial Joint ,5000 ,
Clinical Laboratory,Digital X-Ray,DHKPFVWD, Patella ,5500 ,
Clinical Laboratory,Digital X-Ray,DHYZTQNJ, Hysterosalpingography ,30000 ,
Clinical Laboratory,Digital X-Ray,DHSSBOGN, Intravenous urograms�(IVU) ,30000 ,
Clinical Laboratory,Digital X-Ray,DHHLOFIY, Babygram ,10000 ,
Clinical Laboratory,Viral Load,DHHUWIHE,HBV DNA Viral Load,70000,
Clinical Laboratory,Viral Load,DHNBMFDZ,HCV RNA Viral Load,70000,
Clinical Laboratory,Viral Load,DHBEXWRI,HCV Genotype,82000,
Clinical Laboratory,Viral Load,DHMADHEB,HIV I RNA,65000,
Clinical Laboratory,Viral Load,DHJXCDQ,HIV II RNA,85000,
Clinical Laboratory,Viral Load,DHWGWTMO,HIV I & II RNA,130000,
Clinical Laboratory,Viral Load,DHTJPMLQ,PCR Viral load for HIV,65000,
Clinical Laboratory,Infectious Diseases,DHJXZIOH,Torches Panel (IgG & IgM)-ALONE,95000,
Clinical Laboratory,Infectious Diseases,DHIOBWQF,Torches Panel (IgG or IgM)- Done with Autoimmunes,55000,
Clinical Laboratory,Infectious Diseases,DHQLGMI,Toxoplasma,36000,
Clinical Laboratory,Infectious Diseases,DHAGFQOI,Rubella,32000,
Clinical Laboratory,Infectious Diseases,DHDOPZWT,CMV,40000,
Clinical Laboratory,Infectious Diseases,DHRXFLNY,HSV I & II,50000,
Clinical Laboratory,Infectious Diseases,DHRNFYDR,Chlamydia Trachomatis,20000,
Clinical Laboratory,Infectious Diseases,DHEKHNAF,Syphilis Test (Trepanoma Pallidum) Quantitative,15000,
Clinical Laboratory,Autoimmunes,DHGZABTD,AntiCardiolipin Antibodies,42000,
Clinical Laboratory,Autoimmunes,DHIUPAZU,AntiPhospholipid Antibodies,30000,
Clinical Laboratory,Autoimmunes,DHZEQZLI,Antinuclear Antibodies,20000,
Clinical Laboratory,Autoimmunes,DHVRAHIM,Lupus Anticoagulant,30000,
Clinical Laboratory,Serology,DHHAWNPG,VDRL,2000,
Clinical Laboratory,Serology,DHYFVLTL,HIV Screening,5000,
Clinical Laboratory,Serology,DHKQQYQP,HBsAg,2000,
Clinical Laboratory,Serology,DHHNPMUX,HCV,5000,
Clinical Laboratory,Serology,DHENSMEI,Chlamydia Test (Qualitative),2000,
Clinical Laboratory,Serology,DHJTZZAU,Widal test,3000,
Clinical Laboratory,Serology,DHDSSPVB,H. Pylori (qualitative),5000,
Clinical Laboratory,Serology,DHEFNVGC,HBV Profile/Panel,7000,
Clinical Laboratory,Serology,DHSJNSZY,TB Screening,10000,
Clinical Laboratory,Serology,DHJIOCTC,MP (Malaria parasite) (Rapid),2000,
Clinical Laboratory,Blood Banking,DHTPRNEO,GxM Rhesus Negative Blood,31000,
Clinical Laboratory,Blood Banking,DHBSSYVL,GxM Rhesus Positive Blood,21000,
Clinical Laboratory,Blood Banking,DHDEVOSI,Screening of blood donor,9000,
Clinical Laboratory,Blood Banking,DHRSRCIA,Family Replacement Donor/Donation by Family/Relative,11000,
Clinical Laboratory,Blood Banking,DHONIPUT,Cross matching 1 pint of blood,3000,
Clinical Laboratory,Blood Banking,DHLAJJDR,A pint of Rhesus Negative Blood,20000,
Clinical Laboratory,Blood Banking,DHKXGWXP,A pint of Rhesus Positive Blood,10000,
