DRUG CLASS,STOCK CODE,BRAND NAME,GENERIC NAME,QUANTITY ON HAND,SALES PRICE,EXPIRY DATE,VENDOR
,,Artopine sulphate inj (amp),Artopine sulphate inj (amp),0,500,2021-10-21,HMedix
,,Atropine 1mg (amp),Atropine 1mg (amp),19,500,2021-10-21,HMedix
,,Cervix set (x12) (pack),Cervix set (x12) (pack),0,89100.00,2021-10-21,HMedix
,,Ephedrine 50mg (amp),Ephedrine 50mg (amp),18,3750.00,2021-10-21,HMedix
,,Fentanyl 100mcg (amp),Fentanyl 100mcg (amp),18,3800.00,2021-10-21,HMedix
,,Isoflurane (bott),Isoflurane (bott),0,37500.00,2021-10-21,HMedix
,,Ketamine (vail),Ketamine (vail),5,3000.00,2021-10-21,HMedix
,,Lignocaine inj (bott),Lignocaine inj (bott),0,1200.00,2021-10-21,HMedix
,,Magnesium sulphate inj (amp),Magnesium sulphate inj (amp),23,3200.00,2021-10-21,HMedix
,,Marcaine-heavy 0.5mg (amp),Marcaine-heavy 0.5mg (amp),122,2700.00,2021-10-21,HMedix
,,Neostigmin inj (amp),Neostigmin inj (amp),15,2500.00,2021-10-21,HMedix
,,Pancuronium inj 4mg (amp),Pancuronium inj 4mg (amp),14,3000.00,2021-10-21,HMedix
,,Plain Marcain (vial),Plain Marcain (vial),18,1500.00,2021-10-21,HMedix
,,Potassium chloride inj (amp),Potassium chloride inj (amp),23,2500.00,2021-10-21,HMedix
,,Propofol inj (amp),Propofol inj (amp),117,3500.00,2021-10-21,HMedix
,,Suxamethonium inj 100mg (amp),Suxamethonium inj 100mg (amp),6,1500.00,2021-10-21,HMedix
,,Arthrotec 75/200mcg (Card),Diclofenac/Misoprostol 75/200mcg,14,1200.00,2021-10-21,HMedix
,,Aspirin Cardio (card),Aspirin 75mg,85,800,2021-10-21,HMedix
,,Cafergot (card),Caffine/Egort,1,2000.00,2021-10-21,HMedix
,,Cataflam (card),Diclofenac 50mg,32,1500.00,2021-10-21,HMedix
,,Celebrex 200mg (Pack),Celecoxib 200mg,0,4000.00,2021-10-21,HMedix
,,Chymoral (Card),Chymotrypsin enzymes,12,400,2021-10-21,HMedix
,,clofenac-SR (card),Diclofenac 100mg,0,400,2021-10-21,HMedix
,,CLOPIDROGEL (card),Clopidrogel 75mg,14,800,2021-10-21,HMedix
,,cocodamol 30/500mg (card),Paracetamol/Codeine 30/500mg,0,1000.00,2021-10-21,HMedix
,,cocodamol tab 8/500 (card),Paracetamol/Codeine 8/500mg,213,700,2021-10-21,HMedix
,,DF118 (CARD),Dihydrocodeine 30mg,17,1200.00,2021-10-21,HMedix
,,Voltareen Supp. 100mg (piles),Diclofenac suppository 100mg,57,1000.00,2021-10-21,HMedix
,,Voltareen Supp. 50mg (SUPP),Diclofenac suppository 50mg,63,800,2021-10-21,HMedix
,,Voltareen Suppository 12.5mg (Pile),Diclofenac suppository 12.5mg,60,800,2021-10-21,HMedix
,,Diclofenac injection (amp),Diclofenac injection,43,500,2021-10-21,HMedix
,,Dolo-meta B (card),Diclofenac/Vitamin B1/B6/B12,5,600,2021-10-21,HMedix
,,Emcap Suspension (bott),Paracetamol suspension,17,500,2021-10-21,HMedix
,,Ibuprofen 200MG (Card),Ibuprofen 200mg,10,400,2021-10-21,HMedix
,,Ibuprofen 400MG (pack),Ibuprofen 400mg,27,600,2021-10-21,HMedix
,,Ibuprofen syurp (bott),Ibuprofen syrup,26,600,2021-10-21,HMedix
,,Infacol (bott),Simeticone solution,4,4700.00,2021-10-21,HMedix
,,Ketovail-200mg (card),Ketoprofen 200mg,21,1000.00,2021-10-21,HMedix
,,Morphine (tab),Morphine tabs,-5,700,2021-10-21,HMedix
,,Morphine inj (vail),Morphine injection,12,5500.00,2021-10-21,HMedix
,,Naproxen 500mg (Card),Naproxen 500mg,7,2000.00,2021-10-21,HMedix
,,Neurogesic cream small (tube),Neurogesic cream,15,1000.00,2021-10-21,HMedix
,,Norflex (card),Orphenadrine tab,-2,1500.00,2021-10-21,HMedix
,,Panadol (card),Paracetamol 500mg tab,26,300,2021-10-21,HMedix
,,Panadol syrup (bott),Paracetamol syrup,0,400,2021-10-21,HMedix
,,Panda Drop (bott),Paracetamol drops,22,500,2021-10-21,HMedix
,,Panda syrup (bott),Paracetamol syrup,0,300,2021-10-21,HMedix
,,Paraconica infusion (bott),Paracetamol infusion,0,2000.00,2021-10-21,HMedix
,,Paracetamol inj 300 mg (amp),Paracetamol injection,170,500,2021-10-21,HMedix
,,Paracetamol suppository 150mg (supp.),Paracetamol suppository,12,300,2021-10-21,HMedix
,,Pentazocin inj (amp),Pentazocin injection,132,1200.00,2021-10-21,HMedix
,,Pethidine inj 100mg (amp),Pethidine injection,52,5800.00,2021-10-21,HMedix
,,Pethidine inj 50mg (amp),Pethidine injection,0,1500.00,2021-10-21,HMedix
,,Tramadol cap 1 (capsule),Tramadol capsules,76,400,2021-10-21,HMedix
,,Tramadol inj (Ampoule),Tramadol injection,29,1500.00,2021-10-21,HMedix
,,Vasoprin 75mg (Card),Aspirin 75mg,77,300,2021-10-21,HMedix
,,voltren oiltment (tube),Diclofenac oitment,0,3000.00,2021-10-21,HMedix
,,ANALGESIC - Other,,2,0,2021-10-21,HMedix
,,Amoksiklav 1.2g inj (Vial),Amoxicillin/Clavulanate injection 1.2g,32,3500.00,2021-10-21,HMedix
,,Amoksiklav 600mg inj (vail),Amoxicillin/Clavulanate injection 600mg,0,2000.00,2021-10-21,HMedix
,,Amoksiklav 625 (pack),Amoxicillin/Clavulanate 625mg,0,1600.00,2021-10-21,HMedix
,,Amoxicillin 500mg (card),Amoxicillin 500mg,22,900,2021-10-21,HMedix
,,Ampiflux susp (pack),Ampicillin/Flucloxacillin 125/125mg,4,3500.00,2021-10-21,HMedix
,,Augmentin 1g (pack),Amoxicillin/Clavulanate 1g,3,5000.00,2021-10-21,HMedix
,,Augmentin 375mg (pack),Amoxicillin/Clavulanate 375mg,0,4200.00,2021-10-21,HMedix
,,Augmentin 625mg (pack),Amoxicillin/Clavulanate 625mg,21,4500.00,2021-10-21,HMedix
,,Augmentin infant drop 62.5 mg (Bottle),Amoxicillin/Clavulanate 62.5mg,8,2000.00,2021-10-21,HMedix
,,Augmentin suspension (bott),Amoxicillin/Clavulanate 228mg,1,3500.00,2021-10-21,HMedix
,,Bactroban oiltment (tube),Mupirocin oitment,2,3500.00,2021-10-21,HMedix
,,Cefdinir (pack),Cefdinir,0,3500.00,2021-10-21,HMedix
,,Cefdoxim (Pack),Cefpodoxime 200mg tab,4,2800.00,2021-10-21,HMedix
,,Cefdoxime Suspension (Pack),Cefpodoxime suspension,18,2500.00,2021-10-21,HMedix
,,Cefixime 400mg (Pack),Cefixime 400mg,4,3000.00,2021-10-21,HMedix
,,Cefixime suspension (bott),Cefixime suspension,11,2100.00,2021-10-21,HMedix
,,Cefpodoxime Susp. (Bott),Cefpodoxime suspension,0,3000.00,2021-10-21,HMedix
,,Ceftriaxone GSK (Pack),Ceftriazone 1g,25,2500.00,2021-10-21,HMedix
,,Ceftriazone inj 1g (pack),Ceftriazone 1g,-34,1700.00,2021-10-21,HMedix
,,Cefuroxime inj 750mg (vail),Cefuroxime 750mg injection,0,1500.00,2021-10-21,HMedix
,,Cefuroxime Suspension (Bott),Cefuroxime suspension,2,3000.00,2021-10-21,HMedix
,,Chloramphenicol susp (bott),Cloramphenicol suspension,1,800,2021-10-21,HMedix
,,cipro-IV 200mg (pack),Ciprofloxacin infusion,11,1000.00,2021-10-21,HMedix
,,ciprofloxacin 500mg (pack),Ciprofloxacin 500mg,49,1500.00,2021-10-21,HMedix
,,Ciprotab-TN (pack),Ciprofloxacin/Tinidazole ,12,2100.00,2021-10-21,HMedix
,,Clarithromycin (pack),Clarithromycin tabs,4,3000.00,2021-10-21,HMedix
,,Clavulin 1g) (pack),Amoxicillin/Clavulanate 1g,0,3500.00,2021-10-21,HMedix
,,Clavulin 625mg (pack),Amoxicillin/Clavulanate 625mg,0,2800.00,2021-10-21,HMedix
,,Clavulin Susp 228mg (Bott),Amoxicillin/Clavulanate 228mg,4,2000.00,2021-10-21,HMedix
,,Clindamycin 300mg (card),Clindamycin 300mg,5,5000.00,2021-10-21,HMedix
,,Co-trimoxazole suspension (bott),Sulphamethoxazole/Trimethoprim suspension,0,600,2021-10-21,HMedix
,,Co-trimoxazole tab (card),Sulphamethoxazole/Trimethoprim 800/160mg tab,11,500,2021-10-21,HMedix
,,Crystalline Penicillin (Vial),Penicillin injection,10,500,2021-10-21,HMedix
,,Dalacin C inj 300mg (Pack),Clindamycin 300mg,7,5500.00,2021-10-21,HMedix
,,Dalacin c susp (pack),Clindamycin suspension,0,4700.00,2021-10-21,HMedix
,,Dermazin oiltment (tube),Silver Sulphadiazine oitment,14,1000.00,2021-10-21,HMedix
,,Dermovate cream (tube),Clobetasol propionate cream,0,1500.00,2021-10-21,HMedix
,,Doxycycline capsule (card),Doxycycline 100mg caps,80,1000.00,2021-10-21,HMedix
,,Erythromycin susp (bott),Erythromycin suspension,14,1200.00,2021-10-21,HMedix
,,Erythromycin500mg (card),Erythromycin 500mg tab,4,2000.00,2021-10-21,HMedix
,,Fleming 228 Suspension (Pack),Amoxicillin/Clavulanate 228mg,18,1800.00,2021-10-21,HMedix
,,Fleming 625mg (Pack),Amoxicillin/Clavulanate 625mg,13,3000.00,2021-10-21,HMedix
,,Flucamed 50mg (pack),Fluconazole capsules,0,1500.00,2021-10-21,HMedix
,,fortum inj 1g (vail),Ceftazidime 1g injection,1,4500.00,2021-10-21,HMedix
,,Furoxetil 250mg (pack),Cefuroxime 250mg tab,0,2000.00,2021-10-21,HMedix
,,Furoxetil 500mg (pack),Cefuroxime 250mg tab,3,2800.00,2021-10-21,HMedix
,,Gentamycin inj (amp),Gentamycin 80mg injection,34,600,2021-10-21,HMedix
,,Gyno-travogen (pack),Miconazole vagina tab,0,3000.00,2021-10-21,HMedix
,,Levofloxacin inj (pack),Levofloxacin injection,13,1050.00,2021-10-21,HMedix
,,Levofloxacine 500mg (pack),Levofloxacin 500mg tab,12,1500.00,2021-10-21,HMedix
,,MERONEM 500mg (VAIL),Meropenem 500mg injection,0,10500.00,2021-10-21,HMedix
,,Meronem inj 1g (vail),Meropenem 1g injection,16,19000.00,2021-10-21,HMedix
,,Metronidazole 400mg (card),Metronidazole 400mg tab,66,500,2021-10-21,HMedix
,,Metronidazole inj 500mg (pack),Metronidazole infusion,36,700,2021-10-21,HMedix
,,Metronidazole syrup (bottle),Metronidazole syrup,0,800,2021-10-21,HMedix
,,Mycoten -v cream (pack),Clotrimazole vagina cream,0,1200.00,2021-10-21,HMedix
,,Mycoten cream (tube),Clotrimazole cream,16,1100.00,2021-10-21,HMedix
,,Neo-penotran (Pack),Miconazole/Metronidazole vagina tab,-1,6500.00,2021-10-21,HMedix
,,Neoclav Tablet 625mg (Pack),Amoxicillin/Clavulanate 625mg,0,3000.00,2021-10-21,HMedix
,,Nitrofurantoin 100mg (Pack),Nitrofurantoin tab,11,800,2021-10-21,HMedix
,,Nuronem 1g (pack),Meropenem 1g injection,0,10500.00,2021-10-21,HMedix
,,Orelox  Tablet 100mg (pack),Cefpodoxime 100mg tab,0,4000.00,2021-10-21,HMedix
,,Orelox 200mg (pack),Cefpodoxime 200mg tab,11,4500.00,2021-10-21,HMedix
,,Orelox suspension (bott),Cefpodoxime suspension,6,4000.00,2021-10-21,HMedix
,,Oxavid 200mg (pack),Ofloxacin 200mg tab,0,1000.00,2021-10-21,HMedix
,,Penicillin ointment (tube),Penicillin ointment,4,600,2021-10-21,HMedix
,,Procaine Penicillin (Vial),Penicillin injection,20,1000.00,2021-10-21,HMedix
,,Rocephin inj 1g (pack),Ceftriazone 1g,13,5000.00,2021-10-21,HMedix
,,Secnidazole Tablet 500mg (pack),Secnidazole tab,27,1000.00,2021-10-21,HMedix
,,Steri-tin (pack),Steri-tin,0,2500.00,2021-10-21,HMedix
,,Suitrox Suspension (Pack),Azithromycin suspension,8,3500.00,2021-10-21,HMedix
,,Thalazole tab (tab),Phthalylsulphatiazole tab,228,50,2021-10-21,HMedix
,,Tribotan (baby) cream (tube),Tribotan cream,9,1000.00,2021-10-21,HMedix
,,Unasyn (vail),Ampicillin/Sulbactam injection,5,2800.00,2021-10-21,HMedix
,,Zinnat 250mg (pack),Cefuroxime 250mg tab,0,3550.00,2021-10-21,HMedix
,,Zinnat 500mg (pack),Cefuroxime 500mg tab,18,4500.00,2021-10-21,HMedix
,,Zinnat Injection (PACK),Cefuroxime 750mg injection,2,1600.00,2021-10-21,HMedix
,,ZINNAT SUSP 100ml (BOTT),Cefuroxime suspension,0,5000.00,2021-10-21,HMedix
,,Zinnat susp 50mls (btt),Cefuroxime suspension,15,3800.00,2021-10-21,HMedix
,,zithromax  suspension (bott),Azithromycin suspension,16,4000.00,2021-10-21,HMedix
,,Zithromax capsule (pack),Azithromycin 250mg capsules,6,5200.00,2021-10-21,HMedix
,,ZITHROMAX COUNTING TABLET (tablet),Azithromycin 250mg tabs,1493,300,2021-10-21,HMedix
,,Zocef inj (PACK),Cefuroxime 750mg injection,13,1500.00,2021-10-21,HMedix
,,ANTI-BIOTICS - Other,,-1,0,2021-10-21,HMedix
,,Buscopan (card),Hyoscine tab,0,500,2021-10-21,HMedix
,,Hyoscine inj (amp),Hyoscine injection,13,300,2021-10-21,HMedix
,,Mist.pot.cit (bott),Mist.pot.citrate,0,600,2021-10-21,HMedix
,,Clexane inj 40mg (syringe),Enoxaparin sodium injection,-5,5000.00,2021-10-21,HMedix
,,Human Albumin 100mls (PACK),Human Albumin,0,85000.00,2021-10-22,HMedix
,,Human Albumin 50mls (Pack),Human Albumin,1,40000.00,2021-10-23,HMedix
,,ANTI-COAGULANT - Other,,0,0,2021-10-24,HMedix
,,Pregabalin (card),Pregabaline tab,7,2000.00,2021-10-26,HMedix
,,Amitriptyline 25mg (Card),Amitriptyline 25mg tab,1,2000.00,2021-10-28,HMedix
,,Chlorpromazine Inj (ampoule),Chlorpromazine Injection,8,300,2021-10-29,HMedix
,,Haloperidol 5mg (Tab),Haloperidol 5mg ,0,50,2021-10-30,HMedix
,,PHENYTOIN INJ (VIAL),PHENYTOIN Injection,0,2000.00,2021-10-31,HMedix
,,Sertraline 50mg (Card),Sertraline 50mg tab,0,4000.00,2021-11-01,HMedix
,,ANTI-DEPRESSANT - Other,,0,0,2021-11-02,HMedix
,,Diamet 500mg (card),Metformin 500mg tab,104,500,2021-11-04,HMedix
,,Diatab 5mg (card),Glibenclamide 5mg tab,0,300,2021-11-05,HMedix
,,Galvus Met 50/1000mg (Card),Metformin /Vildagliptin 50/1000mg,4,2700.00,2021-11-06,HMedix
,,Glanil (satchet),Glibenclamide 5mg tab,0,200,2021-11-07,HMedix
,,Gliclazide 80mg (pack),Gliclazide 80mg tab,0,1000.00,2021-11-08,HMedix
,,Glimepiride2mg (card),Glimepiride 2mg tab,13,1000.00,2021-11-09,HMedix
,,HUMULIN 70/30 (PACK),Insulin,0,6000.00,2021-11-10,HMedix
,,Humulin R inj (Pack),Insulin,0,9000.00,2021-11-11,HMedix
,,Lantus insulin (Unit),Insulin,1,8000.00,2021-11-12,HMedix
,,Mixtard insulin (pack),Insulin,1,6000.00,2021-11-13,HMedix
,,Soluble insulin (pack),Insulin,1,12400.00,2021-11-14,HMedix
,,ANTI-DIABETIC - Other,,0,0,2021-11-15,HMedix
,,Vasopressin injection (Amp),Vasopressin injection,-1,2500.00,2021-11-17,HMedix
,,Motilium (tab),Domperidone 10mg tab,15,120,2021-11-19,HMedix
,,Nausea Bands (pack),Nausea Band,10,5000.00,2021-11-20,HMedix
,,Ondansetron inj 8mg (amp),Ondasetron injection,24,550,2021-11-21,HMedix
,,Ondansterone 8mg (tab),Ondasetron tab,0,300,2021-11-22,HMedix
,,Plasil inj (amp),Metoclopromide injection,31,400,2021-11-23,HMedix
,,Plasil tab (Card),metoclopromide tab,71,300,2021-11-24,HMedix
,,Promethazine inj (amp),Promethazine injection,77,400,2021-11-25,HMedix
,,Promethazine tab (tab),Promethazine tab,191,25,2021-11-26,HMedix
,,Stugeron 25mg (card),Cinarizine 25mg,4,550,2021-11-27,HMedix
,,Biopentin &methylcobalamin 300m (card),Biopentin/methylcobalamin tab,4,1700.00,2021-11-29,HMedix
,,Gabapentine 100mg (card),Gabapentine 100mg tab,0,500,2021-11-30,HMedix
,,Candid-v 1 (pack),Clotrimazole vagina tab,0,1500.00,2021-12-02,HMedix
,,Candid-v 6 (pack),Clotrimazole vagina tab,52,1400.00,2021-12-03,HMedix
,,Fluconazole (pack),Fluconazole capsules,26,1300.00,2021-12-04,HMedix
,,Fluconazole suspension (bott),Fluconazole suspension,23,1800.00,2021-12-05,HMedix
,,Gynecological Gel (Pack),Gynecological Gel,0,18000.00,2021-12-06,HMedix
,,Nystatin suspension (bott),Nystatin suspension,0,1100.00,2021-12-07,HMedix
,,Zinc oxide cream (Pack),Zinc oxide cream,0,800,2021-12-08,HMedix
,,Combantrin tab (pack),Pyrantel Pamoate tab,0,400,2021-12-10,HMedix
,,Ivermectine 3mg (Card),Ivermectine 3mg tab,0,5000.00,2021-12-11,HMedix
,,Pyrantrin Suspension (Pack),Pyrantel Pamoate,0,800,2021-12-12,HMedix
,,Zentel suspension (bott),Albendazole suspension,16,500,2021-12-13,HMedix
,,Zentel tablet (pack),Albendazole tab,32,700,2021-12-14,HMedix
,,Actifed tablet (pack),Pseudoephedrine/Triprolidine tab,0,500,2021-12-16,HMedix
,,Benzyl Benzoate Cream (Bottle),Benzyl Benzoate Cream,1,3500.00,2021-12-17,HMedix
,,CETRIZINE syrup (BOTT),Cetrizine syrup,0,1500.00,2021-12-18,HMedix
,,Eurax cream (pack),Eurax cream,0,1500.00,2021-12-19,HMedix
,,Levocetrizine syrup (Bott),Levocetrizine syrup,8,1500.00,2021-12-20,HMedix
,,Loratadine Syrup (Pack),Loratadine Syrup,10,800,2021-12-21,HMedix
,,Loratyn-10 (card),Loratadine tab,24,400,2021-12-22,HMedix
,,MONTILUKAST (CARD),Montelukast 10mg tab,0,1500.00,2021-12-23,HMedix
,,Navidoxine (Card),Meclozine/Vitamin B6 25/50mg tab,28,500,2021-12-24,HMedix
,,Otrivin adult (pack),Xylometazoline nasal drop,2,2500.00,2021-12-25,HMedix
,,Otrivine child (pack),Xylometazoline nasal drop,9,2000.00,2021-12-26,HMedix
,,Piriton tab 1 (card),Clorphenamine tab,46,100,2021-12-27,HMedix
,,Prednisolone (card),Prednisolone 5mg tab,71,500,2021-12-28,HMedix
,,Rhinathiol  from 2years (bott),Rhinathiol child,6,2000.00,2021-12-29,HMedix
,,Rhinathiol expe. adult(blue) (bott),Rhinathiol adult,7,2000.00,2021-12-30,HMedix
,,Sinufed Syrup (Bottle),Pseudoephedrine/Triprolidine syrup,8,1000.00,2021-12-31,HMedix
,,Aldactone tab 25mg (card),Spironolactone 25mg tab,-2,1500.00,2022-01-02,HMedix
,,Amlodipine 10mg(Teva) (card),Amlodipine 10mg tab,48,1000.00,2022-01-03,HMedix
,,Asomex 2.5mg (card),S-Amlodipine 2.5mg tab,0,1100.00,2022-01-04,HMedix
,,Asomex 5mg (Card),S-Amlodipine 5mg tab,71,1700.00,2022-01-05,HMedix
,,Bisoprolol 10mg (card),Bisoprolol 10mg tab,0,500,2022-01-06,HMedix
,,Bisoprolol 5mg (Card),Bisoprolol 5mg tab,14,500,2022-01-07,HMedix
,,Co-Micardis (pack),Telmisartan/Hydrochlorothiazide 80/12.5mg tab,5,12000.00,2022-01-08,HMedix
,,Co-Micardis 40/12.5mg (Pack),Telmisartan/Hydrochlorothiazide 40/12.5mg tab,1,10500.00,2022-01-09,HMedix
,,CoQ10 30mg (Bott),CoQ10 30mg capsules,21,5500.00,2022-01-10,HMedix
,,Digoxin (card),Digoxin tab,-1,1000.00,2022-01-11,HMedix
,,Diovan 80MG (pack),Valsartan 80mg tab,4,9000.00,2022-01-12,HMedix
,,Exforge 10/160 (pack),Amlodipine/Valsartan 10/160mg tab,2,13500.00,2022-01-13,HMedix
,,Exforge 5/160mg (pack),Amlodipine/Valsartan 5/160mg tab,2,12600.00,2022-01-14,HMedix
,,Exforge HCT 10/160/12.5MG (pack),Amlodipine/Valsartan/Hydrochlorothiazide,5,12800.00,2022-01-15,HMedix
,,Hydralazine inj 20mg (amp),Hydralazine injection,26,600,2022-01-16,HMedix
,,Hydraline tab 25mg (Tab),Hydralazine tab,0,200,2022-01-17,HMedix
,,Hydrochlorothiazide 25MG (Card),Hydrochlorothiazide 25mg tab,25,400,2022-01-18,HMedix
,,Labetalol 200mg (card),Labetalol 200mg tab,29,3000.00,2022-01-19,HMedix
,,Labetalol inj 50mg (amp),Labetalol 50mg tab,9,1700.00,2022-01-20,HMedix
,,Labetalol100mg (card),Labetalol 100mg tab,0,200,2022-01-21,HMedix
,,Lisinopril (CARD),Lisinopril 10mg tab,10,500,2022-01-22,HMedix
,,Losartan 100mg (Card),Losartan 100mg tab,0,2000.00,2022-01-23,HMedix
,,Losartan 50mg (card),losartan 50mg tab,12,1250.00,2022-01-24,HMedix
,,Methyldopa 250mg (card),Methyldopa 250mg tab,183,700,2022-01-25,HMedix
,,Metoprolol 25mg (pack),Metoprolol 25mg tab,0,2000.00,2022-01-26,HMedix
,,Metoprolol 50mg (Card),Metoprolol 50mg tab,11,1700.00,2022-01-27,HMedix
,,Nifecard XL 30mg (Card),Nifedipine 30mg tab,19,900,2022-01-28,HMedix
,,Nifedipin20mg (card),Nifedipine 20mg tab,46,600,2022-01-29,HMedix
,,Normoretic (card),Amiloride/Hydrochlorothiazide 5/50mg,12,600,2022-01-30,HMedix
,,Norvasc 5mg (CARD),Amlodipine 5mg tab,0,1500.00,2022-01-31,HMedix
,,Norvasc10mg (card),Amlodipine 10mg tab,26,3000.00,2022-02-01,HMedix
,,Propanolol Tab 40mg (Card),Propanolol 40mg tab,6,2000.00,2022-02-02,HMedix
,,Spironolactone 25mg (Card),Spironolactone 25mg tab,4,2200.00,2022-02-03,HMedix
,,Telmisartan 80mg (Card),Telmisartan 80mg tab,11,2500.00,2022-02-04,HMedix
,,Valvas 5/160mg (pack),Amlodipine/Valsartan 5/160mg tab,4,8500.00,2022-02-05,HMedix
,,Kotase (card),Kotase tab,0,200,2022-02-07,HMedix
,,Hydroxyurea 500mg (Pack),Hydroxyurea 500mg,-1,3000.00,2022-02-09,HMedix
,,Abeeta 150mg (Amp),a-ß arteether 150mg ,42,800,2022-02-11,HMedix
,,amatem-forte soft gel (pack),Artemether/Lumefantrine 80/480mg,36,2100.00,2022-02-12,HMedix
,,artequin (pack),Artesunate/Mefloquine,0,3000.00,2022-02-13,HMedix
,,Artesunat syrup (bottle),Artesunate syrup,1,1200.00,2022-02-14,HMedix
,,artesunat tablet (pack),Artesunate tab,0,1500.00,2022-02-15,HMedix
,,Artesunate inj (pack),Artesunate injection,36,1800.00,2022-02-16,HMedix
,,Artesunate inj120mg (pack),Artesunate injection,16,2200.00,2022-02-17,HMedix
,,Camoquine syrup (bott),Amodiaquine syrup,7,2000.00,2022-02-18,HMedix
,,camosunate 1-6 years (pack),Artesunate/Amodiaquine powder ,32,1100.00,2022-02-19,HMedix
,,camosunate below 1 year (pack),Artesunate/Amodiaquine powder ,0,1000.00,2022-02-20,HMedix
,,coartem-dispersible (card),Artemether/Lumefantrine dispersible,43,800,2022-02-21,HMedix
,,coartem norvatis (pack),Artemether/Lumefantrine dispersible,0,1000.00,2022-02-22,HMedix
,,Combisunate 80/480mg (Pack),Artemether/Lumefantrine 80/480mg,0,1200.00,2022-02-23,HMedix
,,D-Artepp 20/160 Dispersible (Pack),Dihydroartemisinin/Piperaquine child,0,1200.00,2022-02-24,HMedix
,,D-Artepp 40/320 Dispersible (Pack),Dihydroartemisinin/Piperaquine child,8,1600.00,2022-02-25,HMedix
,,D-Artepp Adult (Pack),Dihydroartemisinin/Piperaquine adult,20,2000.00,2022-02-26,HMedix
,,Emal (child) 75mg (AMP),a-ß arteether 75mg,77,1200.00,2022-02-27,HMedix
,,emal inj (amp),a-ß arteether 150mg ,48,1500.00,2022-02-28,HMedix
,,Liquid Quinine (Bottle),Quinine solution,0,1500.00,2022-03-01,HMedix
,,Lonart-DS (pack),Artemether/Lumefantrine,27,2100.00,2022-03-02,HMedix
,,Lonart Suspension (Bottle),Artemether/Lumefantrine,7,1500.00,2022-03-03,HMedix
,,Lumapil Forte (Pack),Artemether/Lumefantrine,7,1500.00,2022-03-04,HMedix
,,Lumartem Tablet (Pack),Artemether/Lumefantrine,0,500,2022-03-05,HMedix
,,Mosquito net (pack),Mosquito net,-2,3000.00,2022-03-06,HMedix
,,Paludrine tab 100mg (card),Proguanil 100mg,13,2000.00,2022-03-07,HMedix
,,Quinine inj 600mg (amp),Quinine injection,32,600,2022-03-08,HMedix
,,Quinine Sulphate 300mg Tab (Card),Quinine tab,8,800,2022-03-09,HMedix
,,Quinine suspension (bott),Quinine solution,0,2000.00,2022-03-10,HMedix
,,swider tablet (pack),Sulfadoxime/Pyrimethamine 500/25mg,14,1150.00,2022-03-11,HMedix
,,LEUCOVORIN CALCIUM,Folinic acid tab,0,3000.00,2022-03-13,HMedix
,,Methotrexate (VIAL),Methotrexate injection,0,2500.00,2022-03-14,HMedix
,,Tamoxifen Tablet 20mg (Pack),Tamoxifen tab,3,5500.00,2022-03-15,HMedix
,,Clomid (pack),Clomiphene citrate 50mg tab,20,4500.00,2022-03-17,HMedix
,,Letrozole Tablet (Tab),Letrozole 2.5mg tab,73,500,2022-03-18,HMedix
,,Cabergoline (PACK),Cabergoline 0.5mg tab,15,9000.00,2022-03-20,HMedix
,,"Dostinex 0,5mg (pack)",Cabergoline 0.5mg tab,0,30000.00,2022-03-21,HMedix
,,Loperaminde 2mg (Card),Loperamide 2mg tab,20,500,2022-03-23,HMedix
,,Ascorex Expectorant (bott),Ascorex Expectorant ,0,800,2022-03-25,HMedix
,,Benylin expectorant (bott),Benylin expectorant ,0,400,2022-03-26,HMedix
,,Emzolyn adult (bott),Emzolyn adult ,17,1000.00,2022-03-27,HMedix
,,Emzolyn child (bott),Emzolyn child ,29,700,2022-03-28,HMedix
,,Menthodex Syrup (Bottle),Menthodex Syrup ,8,1500.00,2022-03-29,HMedix
,,Piriton expectorant (bott),Piriton expectorant ,20,1700.00,2022-03-30,HMedix
,,Piriton syurp (bott),Piriton syurp ,27,1000.00,2022-03-31,HMedix
,,Promethazine syurp (bott),Promethazine syurp ,3,825,2022-04-01,HMedix
,,Rhinathiol Promethazine(yellow) (bott),Rhinathiol Promethazine,6,2000.00,2022-04-02,HMedix
,,Tuxil-D Adult (bott),Tuxil-D Adult ,24,900,2022-04-03,HMedix
,,Tuxil-D children (btt),Tuxil-D children ,24,700,2022-04-04,HMedix
,,Bicarbonate Soda Granules,Bicarbonate Soda Granules,0,800,2022-04-06,HMedix
,,Cytotec 200mg (tab),Misoprostol 200mg tab,218,500,2022-04-07,HMedix
,,Danacid (card),Antacid tab,58,100,2022-04-08,HMedix
,,Elicorid (Pack),Clarithromycin/Rabeprazole/Amoxicillin  500/20/1000mg,5,11500.00,2022-04-09,HMedix
,,Esomeprazole 20mg (Card),Esomeprazole 20mg,3,1300.00,2022-04-10,HMedix
,,Gascol suspension (bott),Gascol suspension,25,900,2022-04-11,HMedix
,,GAVISCON (BOTT),GAVISCON,17,3200.00,2022-04-12,HMedix
,,Meprasil (pack),Omeprazole 20mg capsules,0,1400.00,2022-04-13,HMedix
,,Omeprazole capsule (Pack),Omeprazole 20mg capsules,26,1500.00,2022-04-14,HMedix
,,Omeprazole inj (ampoule),Omeprazole injection,18,1000.00,2022-04-15,HMedix
,,Polyfort suspensoin (bott),Polyfort suspensoin,0,500,2022-04-16,HMedix
,,Rabeprazole 20mg (Card),Rabeprazole 20mg tab,2,1500.00,2022-04-17,HMedix
,,Ranitidine 150mg tab (card),Ranitidine 150mg tab,0,500,2022-04-18,HMedix
,,Ranitidine inj 50mg (amp),Ranitidine 50mg injection,27,600,2022-04-19,HMedix
,,Sodium bicarbonate (vail),Sodium bicarbonate injection,8,800,2022-04-20,HMedix
,,Sodium bicarbonate tab (card),Sodium bicarbonate tab ,5,499.90387,2022-04-21,HMedix
,,Ulsakit (pack),Omeprazole/Tinidazole/Clarithromycin 20/500/250mg,2,4850.00,2022-04-22,HMedix
,,Acyclovir Cream (Tube),Acyclovir Cream ,0,2500.00,2022-04-24,HMedix
,,Acyclovir inj (Vial),Acyclovir injection,0,5000.00,2022-04-25,HMedix
,,Nevirapine Suspension (Pack),Nevirapine Suspension,0,7000.00,2022-04-26,HMedix
,,Valtrex 500mg (pack),Valacyclovir 500mg tab,6,6500.00,2022-04-27,HMedix
,,Valtrex 500mg x42 (Card),Valacyclovir 500mg tab,1,3900.00,2022-04-28,HMedix
,,VIREST (CARD),Acyclovir 400mg tab,0,800,2022-04-29,HMedix
,,Tranexamic acid inj (ampoule),Tranexamic acid injection,19,2500.00,2022-05-01,HMedix
,,Tranexamic acid tab (card),Tranexamic acid tab,11,2300.00,2022-05-02,HMedix
,,Aminophylline inj (amp),Aminophylline injection,11,1000.00,2022-05-04,HMedix
,,Ipratropium Bromide 0.25mg (Nebules),Ipratropium Bromide,9,600,2022-05-05,HMedix
,,Montelukast 10mg tab,Montelukast 10mg tab,12,1600.00,2022-05-06,HMedix
,,Montelukast 4mg tab,Montelukast 4mg tab,0,1400.00,2022-05-07,HMedix
,,Pulmicort 0.5mg (Nebules),Pulmicort 0.5mg,9,800,2022-05-08,HMedix
,,Salbutamol 2mg (Card),Salbutamol 2mg,-5,300,2022-05-09,HMedix
,,Salbutamol 2mg counting (tab),Salbutamol 2mg,1623,15,2022-05-10,HMedix
,,Salbutamol inj 0.5mg (amp),Salbutamol 0.5mg injection,26,600,2022-05-11,HMedix
,,Salbutamol syrup (bott),Salbutamol syrup,10,1000.00,2022-05-12,HMedix
,,Seretide 50/250mcg (Pack),Salmetrol/Fluticasone 50/250mcg,1,7700.00,2022-05-13,HMedix
,,Ventolin Inhaler (Pack),Salbutamol Inhaler,2,2400.00,2022-05-14,HMedix
,,Ventolin nebules 2.5mg (vail),Salbutamol nebules 2.5mg,22,800,2022-05-15,HMedix
,,Ventolin nebules 5mg (vail),Salbutamol nebules 5mg,0,600,2022-05-16,HMedix
,,Viscof (bott),Viscof syrup,-1,1500.00,2022-05-17,HMedix
,,Tegretol 200mg tab (card),Carbamazepin 200mg tab,10,1500.00,2022-05-19,HMedix
,,Phenobarbitone tab 30mg (Tab),Phenobarbitone 30mg tab ,801,50,2022-05-20,HMedix
,,Epilim syrup (Pack),Sodium Valproate syrup,0,6800.00,2022-05-21,HMedix
,,Epilim tab (Card),Sodium Valproate tab,10,1900.00,2022-05-22,HMedix
,,Tegretol suspension (Pack),Carbamazapine suspension,0,5000.00,2022-05-23,HMedix
,,Surfactrant (pack),Surfactant,-1,250000.00,2022-05-25,HMedix
,,Calamine Lotion (Pack),Calamine Lotion,4,600,2022-05-27,HMedix
,,Comfit pad (pack),Comfit pad,33,800,2022-05-28,HMedix
,,Disposable pants (pack),Disposable pants,22,720,2022-05-29,HMedix
,,Ice Bag (Bag),Ice Bag ,13,4500.00,2022-05-30,HMedix
,,Podophyllin (Pack),Podophyllin ,0,5000.00,2022-05-31,HMedix
,,SITZ  BATH BOWL (bowl),SITZ  BATH BOWL ,10,5500.00,2022-06-01,HMedix
,,Soluset (pack),Soluset ,21,3500.00,2022-06-02,HMedix
,,Syringes (Piece),Syringes ,-20,150,2022-06-03,HMedix
,,Theatre Gown (Pack),Theatre Gown ,43,3000.00,2022-06-04,HMedix
,,Combination-3 (card),,16,500,2022-06-06,HMedix
,,Depo-provera inj (pack),Medroxyprogesterone 104mg,3,1500.00,2022-06-07,HMedix
,,Implanon (pack),Etonogestrel 68mg,4,50000.00,2022-06-08,HMedix
,,IUCD (Piece),IUCD,18,2000.00,2022-06-09,HMedix
,,Mirena IUCD (Pack),IUCD,0,80000.00,2022-06-10,HMedix
,,Noristerat inj (pack),Norethisterone enanthate 200mg,0,1500.00,2022-06-11,HMedix
,,uUnique condoms (Pack),Condom,77,1500.00,2022-06-12,HMedix
,,AVAMYS NASAL SPRAY (Pack),Fluticasone nasal spray,2,3350.00,2022-06-14,HMedix
,,Bethametasone cream,Bethametasone cream,0,600,2022-06-15,HMedix
,,Dexametazone injection (amp),Dexametazone injection,58,200,2022-06-16,HMedix
,,Hydrocortisone cream (tube),Hydrocortisone cream,13,1600.00,2022-06-17,HMedix
,,Hydrocortisone inj (vail),Hydrocortisone injection,18,800,2022-06-18,HMedix
,,Vecuten Cream (Pack),Clotrimazole/Dexamethasone/Neomycin cream,13,1200.00,2022-06-19,HMedix
,,SilverBird (Pack),Eucalyptus Oil ,3,1800.00,2022-06-21,HMedix
,,Saline Nasal Drop (Pack),Saline Nasal Drop,6,1100.00,2022-06-22,HMedix
,,Xylo Acino 1% (Pack),Xylo Acino 1% ,2,2700.00,2022-06-23,HMedix
,,Chlorxy-4% gel (pack),Chlorxy-4% gel,12,600,2022-06-25,HMedix
,,Eusol solution a&b (pack),Eusol solution a&b,4,500,2022-06-26,HMedix
,,Furosemide inj 20mg (amp),Furosemide 20mg injection,23,400,2022-06-28,HMedix
,,Furosemide tabs (card),Furosemide tab,8,800,2022-06-29,HMedix
,,Torsemide Inj (amp),Torsemide Injection,5,1600.00,2022-06-30,HMedix
,,CERUMOL (Pack),Cerumol eardrop,0,1850.00,2022-07-02,HMedix
,,Bromocriptin 2.5mg (tab),Bromocriptin 2.5mg,99,200,2022-07-04,HMedix
,,Viagra 100mg (tab),Sildenafil 100mg,0,2000.00,2022-07-06,HMedix
,,VIAGRA 50mg (TAB),Sildenafil 50mg,16,1500.00,2022-07-07,HMedix
,,Count boost-formen (bott),Count boost-formen ,0,12000.00,2022-07-09,HMedix
,,Fertil Aid for men (bott),Fertil Aid for men,0,14000.00,2022-07-10,HMedix
,,Fertil Aid for women (bott),Fertil Aid for women,0,13000.00,2022-07-11,HMedix
,,MedFertil for men (Pack),MedFertil for men,25,8000.00,2022-07-12,HMedix
,,Motility boost-for men (bott),Motility boost-for men,9,12000.00,2022-07-13,HMedix
,,Ovofolic (Pack),Ovofolic,33,10000.00,2022-07-14,HMedix
,,Half strenght darrowrs (500ml),Half strenght darrowrs (500ml),61,1000.00,2022-07-16,HMedix
,,Dextrose 10% (500ml),Dextrose 10% (500ml),50,1200.00,2022-07-17,HMedix
,,Dextrose 50% (100ml),Dextrose 50% (100ml),24,1000.00,2022-07-18,HMedix
,,Dextrose water 5% (500ml),Dextrose water 5% (500ml),23,1100.00,2022-07-19,HMedix
,,Dextrose+saline 1000ml (1000ml),Dextrose+saline 1000ml (1000ml),0,1000.00,2022-07-20,HMedix
,,Dextrose+saline 4.3% (500ml),Dextrose+saline 4.3% (500ml),74,900,2022-07-21,HMedix
,,Dextrose+saline 500ml (500ml),Dextrose+saline 500ml (500ml),180,900,2022-07-22,HMedix
,,Dextrose+saline(peadiatrics) 8% (500ml),Dextrose+saline(peadiatrics) 8% (500ml),0,1000.00,2022-07-23,HMedix
,,Full strenght darrows (500mls),Full strenght darrows (500mls),22,1000.00,2022-07-24,HMedix
,,Glycine (5000mls),Glycine (5000mls),0,39500.00,2022-07-25,HMedix
,,Haemaccel (Pack),Haemaccel ,1,10800.00,2022-07-26,HMedix
,,Intra lipid (bag),Intra lipid ,0,17000.00,2022-07-27,HMedix
,,Manitol (bag),Manitol ,11,1600.00,2022-07-28,HMedix
,,Normal saline 1000 ml (1000ml),Normal saline 1000 ml (1000ml),93,2200.00,2022-07-29,HMedix
,,Normal+saline 500ml (500ml),Normal+saline 500ml (500ml),225,1100.00,2022-07-30,HMedix
,,Ringer's lactate 500ml (500ml),Ringer's lactate 500ml (500ml),22,1800.00,2022-07-31,HMedix
,,Total Parenteral Nutrition(TPN) (Bag),Total Parenteral Nutrition,1,42000.00,2022-08-01,HMedix
,,Water for injection 10ml (bott),Water for injection 10ml ,-5,200,2022-08-02,HMedix
,,Aptamil (tin),Aptamil ,4,7000.00,2022-08-04,HMedix
,,Peak Baby (Tin),Peak Baby ,2,3000.00,2022-08-05,HMedix
,,PreNan (tin),PreNan ,2,3600.00,2022-08-06,HMedix
,,Cyclogest 400mg (pack),Progesterone 400mg pessary,433,12600.00,2022-08-08,HMedix
,,Geston injection (amp),Progesterone 100mg injection,562,2500.00,2022-08-09,HMedix
,,Gonal-F 75i.u (Pack),Follitrophin alpha 75IU,0,12000.00,2022-08-10,HMedix
,,Gonal-F Prefilled Pen 300i.u (pack),Follitrophin alpha 300IU,8,56000.00,2022-08-11,HMedix
,,Gonal-F Prefilled Pen 450i.u (Pack),Follitrophin alpha 450IU,8,72000.00,2022-08-12,HMedix
,,Gonal F Prefilled Pen 900iu (Pack),Follitrophin alpha 900IU,38,144000.00,2022-08-13,HMedix
,,HCG Injection (vail),HCG injection,21,8000.00,2022-08-14,HMedix
,,Humog 150iu (Vial),Menotrophin 150IU,6,12000.00,2022-08-15,HMedix
,,Humog75 (vial),Menotrophin 75IU,89,6500.00,2022-08-16,HMedix
,,Luprodex (pack),Leuprolide acetate,8,38000.00,2022-08-17,HMedix
,,Menopur (amp),Menotrophin 75IU,562,9000.00,2022-08-18,HMedix
,,Progynova  2mg (tab),Estradiol valerate 2mg,10509,150,2022-08-19,HMedix
,,Suprecur inj (pack),Buserelin injection,19,24000.00,2022-08-20,HMedix
,,Zoladex 10.8mg (pack),Goserelin 10.8mg injection,0,153000.00,2022-08-21,HMedix
,,Zoladex 3.6mg (pack),Goserelin 3.6mg injection,19,48000.00,2022-08-22,HMedix
,,Anusol suppositories (piles),Anusol suppository,72,800,2022-08-24,HMedix
,,Ducolax 5mg (Card),Bisacodyl 5mg tab,-2,1289.36,2022-08-25,HMedix
,,Ducolax suppositories (piles),Bisacodyl suppository,13,500,2022-08-26,HMedix
,,Lactulose solution (Pack),Lactulose solution,7,2000.00,2022-08-27,HMedix
,,Dequadin (card),Dequadin lozenges,0,500,2022-08-29,HMedix
,,Strepsils (pack),Strepsil lozenges,5,2400.00,2022-08-30,HMedix
,,Liquid paraffin (bott),Liquid paraffin,6,1200.00,2022-09-01,HMedix
,,Abidec drop (bott),Abidec drop ,36,2500.00,2022-09-03,HMedix
,,Astyfer  Capsule (pack),Astyfer  Capsule,5,2500.00,2022-09-04,HMedix
,,Astyfer Syrup (bott),Astyfer Syrup ,9,2100.00,2022-09-05,HMedix
,,Astymin Capsule (Pack),Astymin Capsule ,2,2500.00,2022-09-06,HMedix
,,Astymin Infusion (Bottle),Astymin Infusion ,3,9500.00,2022-09-07,HMedix
,,Astymin syrup (bott),Astymin syrup ,9,2000.00,2022-09-08,HMedix
,,Calcimax syrup (Bott),Calcimax syrup ,2,700,2022-09-09,HMedix
,,Calcium Dispersible 500mg (Tin),Calcium Dispersible 500mg ,3,1800.00,2022-09-10,HMedix
,,calcium gluconate inj (amp),calcium gluconate injection,7,900,2022-09-11,HMedix
,,calcium tab (tab),calcium tab ,1272,10,2022-09-12,HMedix
,,DHA  EMULSION (BOTTLE),DHA  EMULSION ,2,4200.00,2022-09-13,HMedix
,,Dynamogen (vail),Dynamogen ,0,500,2022-09-14,HMedix
,,Emvite syrup (bott),Emvite syrup ,8,500,2022-09-15,HMedix
,,Erythropoietin (vail),Erythropoietin ,3,18000.00,2022-09-16,HMedix
,,Ferobin-plus cap (pack),Ferobin-plus capsules,12,900,2022-09-17,HMedix
,,Ferobin-plus syrup (bott),Ferobin-plus syrup,7,1200.00,2022-09-18,HMedix
,,Ferrous sulphate 1 (tab),Ferrous sulphate tab,4171,10,2022-09-19,HMedix
,,Folic acid 1 (tab),Folic acid tab,7851,10,2022-09-20,HMedix
,,Folic acid syrup (bott),Folic acid syrup ,0,500,2022-09-21,HMedix
,,Multivite (tab),Multivite tab,5395,6,2022-09-22,HMedix
,,Neurobion tablet (card),Neurobion tab,0,2000.00,2022-09-23,HMedix
,,Nicotinic Acid (tab),Nicotinic Acid tab,50,20,2022-09-24,HMedix
,,ORS (pack),ORS ,25,400,2022-09-25,HMedix
,,Pregnacare (pack),Pregnacare original,12,4500.00,2022-09-26,HMedix
,,Pronatal tabs (pack),Pronatal tab,24,3800.00,2022-09-27,HMedix
,,Pyridoxine 100mg (Tab),Pyridoxine 100mg tab,60,100,2022-09-28,HMedix
,,Slow k counting (tabs),Slow k tab,92,150,2022-09-29,HMedix
,,Slow K tab (Card),Slow K tab,0,2500.00,2022-09-30,HMedix
,,Trophamine (vail),Trophamine injection,1,12000.00,2022-10-01,HMedix
,,Vitamin-A (cap),Vitamin-A capsules,74,300,2022-10-02,HMedix
,,Vitamin-B complex syrup (bott),Vitamin-B complex syrup ,0,500,2022-10-03,HMedix
,,Vitamin-b inj (vail),Vitamin-b injection,16,800,2022-10-04,HMedix
,,VITAMIN-C INJ (Amp),VITAMIN-C injection,7,200,2022-10-05,HMedix
,,Vitamin-c syrup (bott),Vitamin-c syrup ,20,600,2022-10-06,HMedix
,,Vitamin-c tab coloured (tab),Vitamin-c tab coloured ,6053,10,2022-10-07,HMedix
,,Vitamin-c tab white (tab),Vitamin-c tab white ,4152,10,2022-10-08,HMedix
,,Vitamin A 25000 IU (Cap),Vitamin A 25000 IU Capsules,77,100,2022-10-09,HMedix
,,Vitamin b complex tablets (tabs),Vitamin b complex tab,1645,10,2022-10-10,HMedix
,,Vitamin C Dispersible 180mg (Tin),Vitamin C Dispersible 180mg ,19,1500.00,2022-10-11,HMedix
,,Vitamin K injection (amp),Vitamin K injection,18,600,2022-10-12,HMedix
,,VitaminE CAP (pack),Vitamin E Capsules,0,3000.00,2022-10-13,HMedix
,,Zinc tablet (Card),Zinc tablet,7,200,2022-10-14,HMedix
,,Sirdalud 4mg (Card),Tizanidine tab,3,2200.00,2022-10-16,HMedix
,,Naloxone 400mcg (Amp),Naloxone 400mcg injection,0,4000.00,2022-10-18,HMedix
,,Betadron-N eye drop (pack),Betadron-N eye drop,0,500,2022-10-20,HMedix
,,Chloramphenicol eye drop (pack),Chloramphenicol eye drop,8,1000.00,2022-10-21,HMedix
,,Chlorophenicol eye ointment (pack),Chlorophenicol eye ointment,9,400,2022-10-22,HMedix
,,Cipro Eyedrop (Pack  ),Cipro Eyedrop ,16,2000.00,2022-10-23,HMedix
,,Gentamicin eye drop (pack),Gentamicin eye drop,15,900,2022-10-24,HMedix
,,Spersallerg eye drop (pack),Spersallerg eye drop,13,1500.00,2022-10-25,HMedix
,,Ergometrine inj 0.5mg (amp),Ergometrine injection,0,500,2022-10-27,HMedix
,,METHYLERGOMETRINE (AMP),METHYLERGOMETRINE injection,36,800,2022-10-28,HMedix
,,Oxytocine 10ui (amp),Oxytocine injection,95,900,2022-10-29,HMedix
,,Pabal (Vial),Carbetocin injection,9,15000.00,2022-10-30,HMedix
,,Bromazepam1.5 mg (tab),Bromazepam 1.5mg tab ,329,100,2022-11-01,HMedix
,,Diazepam 5mg tab (tab),Diazepam 5mg tab ,50,100,2022-11-02,HMedix
,,Diazepam inj 10mg (Amp),Diazepam 10mg injection,46,2000.00,2022-11-03,HMedix
,,Flunitrazepam 1mg (Tab),Flunitrazepam 1mg tab,0,375,2022-11-04,HMedix
,,Zopiclone (Tab),Zopiclone tab,10,600,2022-11-05,HMedix
,,Enterogemina (Pack),Enterogemina,2,5000.00,2022-11-07,HMedix
,,DHEA  50mg 30tabs (bott),DHEA 50mg,8,6000.00,2022-11-09,HMedix
,,DHEA 50mg100tabs (bott),DHEA 50mg,6,9500.00,2022-11-10,HMedix
,,DHEA25mg (Bottle),DHEA 25mg ,0,4500.00,2022-11-11,HMedix
,,Duphaston (pack),Progesterone tab,26,4000.00,2022-11-12,HMedix
,,primolut- DEPOT (PACK),HydroxyProgesterone injection,10,4000.00,2022-11-13,HMedix
,,primolut-N tab (tab),Norethisterone 5mg tab,304,150,2022-11-14,HMedix
,,Provera 5mg (tab),MedroxyProgesterone Acetate 5mg tab,196,250,2022-11-15,HMedix
,,Phenobarbitone (bott),Phenobarbitone syrup,0,1200.00,2022-11-17,HMedix
,,phenobarbitone inj (amp),phenobarbitone injection,10,1500.00,2022-11-18,HMedix
,,Rosuvastatin 20 (Card),Rosuvastatin 20mg tab,3,1800.00,2022-11-20,HMedix
,,Adrenaline 1mg (amp),Adrenaline 1mg injection,24,500,2022-11-22,HMedix
,,BCG vaccine (bott),BCG vaccine ,8,5000.00,2022-11-24,HMedix
,,Cervarix inj (pack),Cervarix injection,5,12500.00,2022-11-25,HMedix
,,Hepatitis-b immunoglobulin (pack),Hepatitis-b immunoglobulin,1,130000.00,2022-11-26,HMedix
,,Hepatitis A Vaccine (Dose),Hepatitis A Vaccine ,12,7000.00,2022-11-27,HMedix
,,Hepatitise B (DOSE),Hepatitise B vaccine,120,1000.00,2022-11-28,HMedix
,,Hepitatis A&B (Pack),Hepitatis A&B vaccine,0,10000.00,2022-11-29,HMedix
,,Hexaxim Vaccine (Pack),Hexaxim Vaccine ,9,14500.00,2022-11-30,HMedix
,,Ipv Per Dose (Dose),Ipv Per Dose ,111,1000.00,2022-12-01,HMedix
,,Measles (bott),Measles vaccine,11,6500.00,2022-12-02,HMedix
,,Mennigitis (VIAL),Mennigitis vaccine,18,8500.00,2022-12-03,HMedix
,,OPV vaccine (drops),OPV vaccine ,219,500,2022-12-04,HMedix
,,Pentavalent (dose),Pentavalent vaccine,94,1500.00,2022-12-05,HMedix
,,Priorix inj (pack),MMR vaccine,12,5000.00,2022-12-06,HMedix
,,Rhogam inj 1500iu (INJ(VAIL)),Rhogam injection,2,30000.00,2022-12-07,HMedix
,,Rotarix Oral Vaccine (pack),Rotarix Oral Vaccine,25,8000.00,2022-12-08,HMedix
,,Synflorix inj (Dose),Pneumococcal conjugate vaccine,14,6000.00,2022-12-09,HMedix
,,Tetanus vaccine (amp),Tetanus vaccine,18,500,2022-12-10,HMedix
,,Typhoid vaccine (pack),Typhoid vaccine,8,7000.00,2022-12-11,HMedix
,,Varilrix (pack),Chicken pox vaccine,120,20000.00,2022-12-12,HMedix
,,Tab,,230,023,2021-02-04,HMedix
,,Yellow fever (pack),Yellow fever ,20,6000.00,2022-12-13,HMedix
